,URLS,Filing Type,Status,Standing - AR,Standing - RA,Standing - Other,Formed In,Term of Duration,Initial Filing Date,Principal Address,Mailing Address,AR Due Date,Commercial Registered Agent,Registered Agent,Owner Name,Owner Address,Nature of Business,Expiration Date,Owners,Delayed Effective Date,SORT_INDEX,TITLE,FILING_TYPE,ID,FILING_DATE,RECORD_NUM,STATUS,STANDING,ALERT,CAN_REINSTATE,CAN_FILE_AR,CAN_FILE_REINSTATEMENT
0,https://firststop.sos.nd.gov/api/FilingDetail/business/103327/false,Corporation - Business - Foreign,Active,Good,Good,Good,TEXAS,Perpetual,11/30/2010,"9811 KATY FREEWAY
SUITE 225
HOUSTON, TX 77024","9811 KATY FWY
STE 225
HOUSTON, TX 77024-1282",05/15/2020,"C T CORPORATION SYSTEM
120 W SWEET AVE
BISMARCK, ND  58504-5566",,,,,,,,0,AKITA DRILLING USA CORP.,Corporation - Business - Foreign,103327,11/30/2010,0000103696,Active,Good Standing,False,False,False,False
1,https://firststop.sos.nd.gov/api/FilingDetail/business/111653/false,Limited Liability Company - Business - Domestic,Active,Good,Good,Good,NORTH DAKOTA,Perpetual,11/09/2011,"717 15TH AVE WEST
WILLISTON, ND 58802","PO BOX 4447
WILLISTON, ND 58802-4447",11/15/2019,,"Mark A MIller
717 15TH AVE WEST
WILLISTON, ND  58801",,,,,,,46,XCEL TRUCKING LLC,Limited Liability Company - Business - Domestic,111653,11/09/2011,0000112023,Active,Good Standing,False,False,False,False
2,https://firststop.sos.nd.gov/api/FilingDetail/business/275752/false,Limited Liability Company - Business - Foreign,Active,Good,Good,Good,SOUTH DAKOTA,Perpetual,02/27/2019,"2430 S 156TH CIRCLE
OMAHA, NE 68137","2430 S 156TH CIRCLE
OMAHA, NE 68137",11/16/2020,"REGISTERED AGENT SOLUTIONS, INC.
1709 N 19TH ST STE 3
BISMARCK, ND  58501-2121",,,,,,,,45,"Xcel Roofing of Siouxland, LLC",Limited Liability Company - Business - Foreign,275752,02/27/2019,0002711784,Active,Good Standing,False,False,False,False
3,https://firststop.sos.nd.gov/api/FilingDetail/business/90647/false,Corporation - Business - Foreign,Active,Good,Good,Good,NEW MEXICO,Perpetual,02/06/2008,"6747 ACADEMY RD NE STE A
ALBUQUERQUE, NM 87109-3374","6747 ACADEMY RD NE STE A
ALBUQUERQUE, NM 87109-3374",05/15/2019,"C T CORPORATION SYSTEM
120 W SWEET AVE
BISMARCK, ND  58504-5566",,,,,,,,44,"XCEL PROTECTIVE SERVICES, INC.",Corporation - Business - Foreign,90647,02/06/2008,0000091015,Active,Good Standing,False,False,True,False
4,https://firststop.sos.nd.gov/api/FilingDetail/business/280545/false,Limited Liability Company - Business - Foreign,Active,Good,Good,Good,MINNESOTA,Perpetual,07/19/2019,"13105 GRAND AVE
RICHARD POHLE
BURNSVILLE, MN 55337","PO BOX 16181
RICHARD POHLE
SAINT PAUL, MN 55116-0181",11/16/2020,"AAA NORTH DAKOTA REGISTERED AGENT LLC
3003 32ND AVE S STE 240
FARGO, ND  58103",,,,,,,,52,"X-Com, LLC",Limited Liability Company - Business - Foreign,280545,07/19/2019,0002831214,Active,Good Standing,False,False,False,False
5,https://firststop.sos.nd.gov/api/FilingDetail/business/1940/false,Corporation - Business - Foreign,Active,Good,Good,Good,DELAWARE,Perpetual,11/14/1985,"7401 W 129TH ST
OVERLAND PARK, KS 66213-2694","13320A BALLANTYNE CORPORATE PL
ATTN: LEGAL DEPT.
CHARLOTTE, NC 28277-3607",05/15/2020,"C T CORPORATION SYSTEM
120 W SWEET AVE
BISMARCK, ND  58504-5566",,,,,,,,42,"XCEL ERECTORS, INC.",Corporation - Business - Foreign,1940,11/14/1985,0000002063,Active,Good Standing,False,False,False,False
6,https://firststop.sos.nd.gov/api/FilingDetail/business/64528/false,Corporation - Business - Foreign,Active,Good,Good,Good,DELAWARE,Perpetual,04/18/2001,"414 NICOLLET MALL
MINNEAPOLIS, MN 55401-1927","414 NICOLLET MALL
MINNEAPOLIS, MN 55401-1927",05/15/2020,"CORPORATION SERVICE COMPANY
1709 N 19TH ST STE 3
BISMARCK, ND  58501-2121",,,,,,,,41,XCEL ENERGY SERVICES INC.,Corporation - Business - Foreign,64528,04/18/2001,0000064741,Active,Good Standing,False,False,False,False
7,https://firststop.sos.nd.gov/api/FilingDetail/business/83/false,Corporation - Business - Foreign,Active,Good,Good,Good,MINNESOTA,Perpetual,08/18/1910,"414 NICOLLET MALL
MINNEAPOLIS, MN 55401-1927","414 NICOLLET MALL
MINNEAPOLIS, MN 55401-1927",05/15/2020,"CORPORATION SERVICE COMPANY
1709 N 19TH ST STE 3
BISMARCK, ND  58501-2121",,,,,,,,40,XCEL ENERGY INC.,Corporation - Business - Foreign,83,08/18/1910,0000000120,Active,Good Standing,False,False,False,False
8,https://firststop.sos.nd.gov/api/FilingDetail/business/171445/false,Limited Liability Company - Business - Foreign,Active,Good,Good,Good,KANSAS,Perpetual,09/04/2018,"104 AVON ST
PO BOX 146
CLIFTON, KS 66937-0146","PO BOX 146
CLIFTON, KS 66937-0146",11/15/2019,"SEARCH COMPANY OF NORTH DAKOTA LLC
1709 N 19TH ST STE 3
BISMARCK, ND  58501-2121",,,,,,,,43,XCEL NDT LLC,Limited Liability Company - Business - Foreign,171445,09/04/2018,0000171823,Active,Good Standing,False,False,False,False
9,https://firststop.sos.nd.gov/api/FilingDetail/business/162412/false,Corporation - Business - Foreign,Active,Good,Good,Good,CALIFORNIA,Perpetual,06/30/2017,"10 POINTE DR STE 150
BREA, CA 92821","10 POINTE DR
STE 150
BREA, CA 92821-7627",05/15/2020,"CORPORATION SERVICE COMPANY
1709 N 19TH ST STE 3
BISMARCK, ND  58501-2121",,,,,,,,191,"XZILON, INC.",Corporation - Business - Foreign,162412,06/30/2017,0000162789,Active,Good Standing,False,False,False,False
10,https://firststop.sos.nd.gov/api/FilingDetail/business/108164/false,Limited Liability Company - Business - Foreign,Active,Good,Good,Good,DELAWARE,Perpetual,07/18/2011,"200 BUSINESS PARK DR STE 303
ARMONK, NY 10504-1751","200 BUSINESS PARK DR STE 303
ARMONK, NY 10504-1751",11/15/2019,,"3H AGENT SERVICES, INC.
51 N BROADWAY STE 600
PO BOX 1287
FARGO, ND  58107-1287",,,,,,,48,"XCHANGE BENEFITS, LLC",Limited Liability Company - Business - Foreign,108164,07/18/2011,0000108533,Active,Good Standing,False,False,False,False
11,https://firststop.sos.nd.gov/api/FilingDetail/business/109442/false,Limited Liability Company - Business - Domestic,Active,Good,Good,Good,NORTH DAKOTA,Perpetual,08/26/2011,"201 SW 40TH ST
PO BOX 3005
FARGO, ND 58108-3005","PO BOX 3005
FARGO, ND 58108-3005",11/15/2019,,"DANIEL M WILSON
201 SW 40TH ST
PO BOX 3005
FARGO, ND  58108-3005",,,,,,,189,XYZ HOLDINGS LLC,Limited Liability Company - Business - Domestic,109442,08/26/2011,0000109812,Active,Good Standing,False,False,False,False
12,https://firststop.sos.nd.gov/api/FilingDetail/business/274036/false,Trade Name,Active,,,,,Expires - 5 years,01/24/2019,"7001 VILLAGE DR 
STE 200
BUENA PARK, CA 90621","7001 VILLAGE DR 
STE 200
BUENA PARK, CA 90621",,,,"CONTINENTAL EXCHANGE SOLUTIONS, INC.","7001 VILLAGE DR STE 200
BUENA PARK, CA 90621-2232",Money transmission services,01/24/2024,,,53,Xe USA,Trade Name,274036,01/24/2019,0002695525,Active,Good Standing,False,False,False,False
13,https://firststop.sos.nd.gov/api/FilingDetail/business/111130/false,Corporation - Business - Foreign,Active,Good,Good,Good,DELAWARE,Perpetual,10/24/2011,"14125 S BRIDGE CIR
CHARLOTTE, NC 28273-6747","14125 S BRIDGE CIR
CHARLOTTE, NC 28273-6747",05/15/2019,"C T CORPORATION SYSTEM
120 W SWEET AVE
BISMARCK, ND  58504-5566",,,,,,,,187,"XYLEM WATER SOLUTIONS U.S.A., INC.",Corporation - Business - Foreign,111130,10/24/2011,0000111500,Active,Good Standing,False,False,True,False
14,https://firststop.sos.nd.gov/api/FilingDetail/business/236957/false,Trade Name,Active,,,,,Expires - 5 years,01/30/2009,"414 NICOLLET MALL FL 5
MINNEAPOLIS, MN 55401-1927","414 NICOLLET MALL FL 5
MINNEAPOLIS, MN 55401-1927",,,,NORTHERN STATES POWER COMPANY,"414 NICOLLET MALL 
MINNEAPOLIS, MN 55401-1927","ELECTRICITY & NATURAL GAS UTILITY SERVICES, INCLUDING DISTRIBUTION, TRANSMISSION, TRADING, TRANSPORTATION & MARKETING TO RETAIL & WHOLESALE CUSTOMERS",01/30/2024,,,39,XCEL ENERGY,Trade Name,236957,01/30/2009,0000237337,Active,Good Standing,False,False,False,False
15,https://firststop.sos.nd.gov/api/FilingDetail/business/279055/false,Limited Liability Company - Business - Foreign,Active,Good,Good,Good,DELAWARE,Perpetual,05/02/2019,"3217  MONTROSE BLVD
STE 200
HOUSTON, TX 77006","3217  MONTROSE BLVD
STE 200
HOUSTON, TX 77006",11/16/2020,"C T CORPORATION SYSTEM
120 W SWEET AVE
BISMARCK, ND  58504-5566",,,,,,,,49,"XCL AssetCo, LLC",Limited Liability Company - Business - Foreign,279055,05/02/2019,0002784591,Active,Good Standing,False,False,False,False
16,https://firststop.sos.nd.gov/api/FilingDetail/business/9739/false,Corporation - Business - Domestic,Active,Good,Good,Good,NORTH DAKOTA,Perpetual,08/21/1987,"1732 N 5TH ST
BISMARCK, ND 58501-1801","1732 N 5TH ST
BISMARCK, ND 58501-1801",08/03/2020,,"TODD J SCHULZ
1732 N 5TH ST
BISMARCK, ND  58501-1801",,,,,,,184,XXI CENTURY LTD.,Corporation - Business - Domestic,9739,08/21/1987,0000009887,Active,Good Standing,False,False,False,False
17,https://firststop.sos.nd.gov/api/FilingDetail/business/100169/false,Corporation - Business - Foreign,Active,Good,Good,Good,DELAWARE,Perpetual,06/19/2010,"1200 E BUSINESS CENTER DR
MT PROSPECT, IL 60056-6041","1200 E BUSINESS CENTER DR
MT PROSPECT, IL 60056-6041",05/15/2020,"INCORP SERVICES, INC.
4501 COLEMAN ST
STE 102
BISMARCK, ND  58503",,,,,,,,183,"XTTRIUM LABORATORIES, INC.",Corporation - Business - Foreign,100169,06/19/2010,0000100538,Active,Good Standing,False,False,False,False
18,https://firststop.sos.nd.gov/api/FilingDetail/business/138231/false,Corporation - Business - Foreign,Active,Good,Good,Good,NEW JERSEY,Perpetual,08/01/2014,"84 FLOODGATE RD
BRIDGEPORT, NJ 08014-1001","84 FLOODGATE RD
BRIDGEPORT, NJ 08014-1001",05/15/2019,"C T CORPORATION SYSTEM
120 W SWEET AVE
BISMARCK, ND  58504-5566",,,,,,,,186,"XYLEM DEWATERING SOLUTIONS, INC.",Corporation - Business - Foreign,138231,08/01/2014,0000138604,Active,Good Standing,False,False,True,False
19,https://firststop.sos.nd.gov/api/FilingDetail/business/278418/false,Limited Liability Company - Business - Foreign,Active,Good,Good,Good,TEXAS,Perpetual,04/18/2019,"3217 MONTROSE BLVD
STE 200
HOUSTON, TX 77006","3217 MONTROSE BLVD
STE 200
HOUSTON, TX 77006",11/16/2020,"C T CORPORATION SYSTEM
120 W SWEET AVE
BISMARCK, ND  58504-5566",,,,,,,,50,"XCL Resources, LLC",Limited Liability Company - Business - Foreign,278418,04/18/2019,0002772084,Active,Good Standing,False,False,False,False
20,https://firststop.sos.nd.gov/api/FilingDetail/business/165592/false,Limited Liability Company - Business - Domestic,Active,Good,Good,Good,NORTH DAKOTA,Perpetual,12/08/2017,"4912 OTTAWA ST UNIT 3
BISMARCK, ND 58503-6155","4912 OTTAWA ST UNIT 3
BISMARCK, ND 58503-6155",11/15/2018,,"THOMAS  SENGER
4912 OTTAWA ST UNIT 3
BISMARCK, ND  58503-6155",,,,,,,180,XTREME STEAM CLEAN LLC,Limited Liability Company - Business - Domestic,165592,12/08/2017,0000165969,Active,Good Standing,False,False,False,False
21,https://firststop.sos.nd.gov/api/FilingDetail/business/239006/false,Trade Name,Active,,,,,Expires - 5 years,10/20/2009,"4014 148TH AVE NE
REDMOND, WA 98052-5165","4014 148TH AVE NE
REDMOND, WA 98052-5165",,,,"XTREME CONSULTING GROUP, INC.","3500 CARILLON PT
KIRKLAND, WA 98033-7309",SHORT TERM IT STAFFING SOLUTIONS,10/20/2019,,,179,XTREME STAFFING,Trade Name,239006,10/20/2009,0000239386,Active,Good Standing,False,False,True,False
22,https://firststop.sos.nd.gov/api/FilingDetail/business/240729/false,Trade Name,Active,,,,,Expires - 5 years,06/28/2010,"351 HELENA FLATS RD
PO BOX 5428
KALISPELL, MT 59903-5428","351 HELENA FLATS RD
PO BOX 5428
KALISPELL, MT 59903-5428",,,,"AMERICAN ELECTRIC, INC.","351 HELENA FLATS RD
KALISPELL, MT 59901","ELECTRICAL CONTRACTOR DOING COMMERCIAL, RESIDENTIAL & SERVICE WORK",06/28/2020,,,188,"XYZ ELECTRIC, INC.",Trade Name,240729,06/28/2010,0000241109,Active,Good Standing,False,False,False,False
23,https://firststop.sos.nd.gov/api/FilingDetail/business/180654/false,Limited Liability Partnership - Domestic,Active,Good,Good,Good,NORTH DAKOTA,Perpetual,08/27/2003,"63 PRAIRIEWOOD DR. S.
FARGO, ND 58103","3315 44TH AVE SW
FARGO, ND 58104-6643",03/31/2020,,"DAVID J KLINKHAMMER
3315 44TH AVE SW
FARGO, ND  58104-6643",,,,,,,47,XCELL DRIVING SCHOOL LLP,Limited Liability Partnership - Domestic,180654,08/27/2003,0000181034,Active,Good Standing,False,False,False,False
24,https://firststop.sos.nd.gov/api/FilingDetail/business/231461/false,Trade Name,Active,,,,,"SIGN DESIGN, FABRICATION OF SIGNS OF ALL KINDS, SIGN REPAIR, VINYL DECAL, VEHICLE LETTERING, BOAT LETTERING, TRAILER LETTERING, ETC. SIGN MAINTENANCE,BANNERS, PROMOTIONS, APPAREL, GRAPHIC DESIGN",Expires - 5 years,06/13/2021,"401 6TH ST SE
DEVILS LAKE, ND 58301-3629",,,,,,"AMANDA KAY THOMAS
8482 HIGHWAY 2
DEVILS LAKE, ND 58301-8742",06/13/2006,"CRAIG NICHOLAS THOMAS
8482 HIGHWAY 2
DEVILS LAKE, ND 58301-8742",,177,XTREME SIGNS & GRAPHIX,Trade Name,231461,06/13/2006,0000231841,Active,Good Standing,False,False,False,False
25,https://firststop.sos.nd.gov/api/FilingDetail/business/279897/false,Fictitious Partnership Name,Active,,,,,Expires - 5 years,06/08/2019,"PO BOX 2439
WATFORD CITY, ND 58854-2439",,,,,SHOES 'N' SUCH LLP,,,06/08/2024,,,51,Xclusive Apparel,Fictitious Partnership Name,279897,06/08/2019,0002797909,Active,Good Standing,False,False,False,False
26,https://firststop.sos.nd.gov/api/FilingDetail/business/132687/false,Limited Liability Company - Business - Domestic,Active,Good,Good,Good,NORTH DAKOTA,Perpetual,12/09/2013,"209 3RD AVE
ENDERLIN, ND 58027-1304","209 3RD AVE
ENDERLIN, ND 58027-1304",11/15/2019,,"GREG  PFAFF
209 3RD AVE
PO BOX 64
ENDERLIN, ND  58027-0064",,,,,,,176,XTREME PRODUCTS LLC,Limited Liability Company - Business - Domestic,132687,12/09/2013,0000133058,Active,Good Standing,False,False,False,False
27,https://firststop.sos.nd.gov/api/FilingDetail/business/59048/false,Corporation - Business - Domestic,Active,Not Good,Good,Good,NORTH DAKOTA,Perpetual,05/21/1999,"100 2ND ST E
PO BOX 5
LARSON, ND 58727-0005","PO BOX 5
LARSON, ND 58727-0005",08/01/2018,,"SHELLEY A NELSON
100 2ND ST E
PO BOX 5
LARSON, ND  58727-0005",,,,,,06/01/1999,173,"X-TREME NORTH STEAK-N-ALE, INC.",Corporation - Business - Domestic,59048,05/21/1999,0000059259,Active,Not Good Standing,False,False,False,False
28,https://firststop.sos.nd.gov/api/FilingDetail/business/278474/false,Limited Liability Company - Business - Foreign,Active,Good,Good,Good,SOUTH DAKOTA,Perpetual,05/02/2019,"5016 S ASH GROVE AVE
JEREMY TAYLOR
SIOUX FALLS, SD 57108","5016 S ASH GROVE AVE
JEREMY TAYLOR
SIOUX FALLS, SD 57108-4703",11/16/2020,"AAA NORTH DAKOTA REGISTERED AGENT LLC
3003 32ND AVE S STE 240
FARGO, ND  58103",,,,,,,,182,Xtreme Xteriors LLC,Limited Liability Company - Business - Foreign,278474,05/02/2019,0002772735,Active,Good Standing,False,False,False,False
29,https://firststop.sos.nd.gov/api/FilingDetail/business/258001/false,Trade Name,Active,,,,,Expires - 5 years,09/30/2014,"4922 CO RD 28
PO BOX 138
HAZEN, ND 58545-0138","4922 CO RD 28
PO BOX 138
HAZEN, ND 58545-0138",,,,RANDY MAAS,"PO BOX 138
HAZEN, ND 58545-0138",INDEPENDENT OPERATOR OF A 2014 CAT SKID STEER,09/30/2019,,,178,XTREME SKID STEER SERVICES,Trade Name,258001,09/30/2014,0000258381,Active,Good Standing,False,False,True,False
30,https://firststop.sos.nd.gov/api/FilingDetail/business/240582/false,Trade Name,Active,,,,,Expires - 5 years,05/20/2010,"409 6TH ST
PO BOX 297
HAWLEY, MN 56549-0297","409 6TH ST
PO BOX 297
HAWLEY, MN 56549-0297",,,,"HAWLEY REALTY, INC.","617 VALLEY STREET
HAWLEY, MN 56549",REAL ESTATE,05/20/2020,,,181,XTREME TROPHY PROPERTIES,Trade Name,240582,05/20/2010,0000240962,Active,Good Standing,False,False,False,False
31,https://firststop.sos.nd.gov/api/FilingDetail/business/228979/false,Trade Name,Active,,,,,Expires - 5 years,03/02/2005,"9673 N HWY 281
PO BOX 66
ELLENDALE, ND 58436-0066","9673 N HWY 281
PO BOX 66
ELLENDALE, ND 58436-0066",,,,COREY GULKE,"PO BOX 66
ELLENDALE, ND 58436-0066","GUNSMITHING, SPORTING GOODS RETAIL",03/02/2020,,,174,X-TREME OUTFITTERS,Trade Name,228979,03/02/2005,0000229359,Active,Good Standing,False,False,False,False
32,https://firststop.sos.nd.gov/api/FilingDetail/business/101306/false,Corporation - Business - Foreign,Active,Good,Good,Good,MINNESOTA,Perpetual,08/16/2010,"9961 VALLEY VIEW RD
EDEN PRAIRIE, MN 55344-3526","9961 VALLEY VIEW RD
EDEN PRAIRIE, MN 55344-3526",05/15/2019,,"MARY  LEHR
612 CENTER AVE N
PO BOX 450
ASHLEY, ND  58413-0450",,,,,,,185,"XYGENT, INC.",Corporation - Business - Foreign,101306,08/16/2010,0000101675,Active,Good Standing,False,False,True,False
33,https://firststop.sos.nd.gov/api/FilingDetail/business/79268/false,Corporation - Business - Domestic,Active,Good,Good,Good,NORTH DAKOTA,Perpetual,01/14/2008,"7611 AQUARIUS DR
FARGO, ND 58104-7926","7611 AQUARIUS DR
FARGO, ND 58104-7926",08/03/2020,,"DEREK  WANZEK
7611 AQUARIUS DR
FARGO, ND  58104-7926",,,,,,,167,XTREME ELECTRIC INC,Corporation - Business - Domestic,79268,01/14/2008,0000079498,Active,Good Standing,False,False,False,False
34,https://firststop.sos.nd.gov/api/FilingDetail/business/108148/false,Limited Liability Company - Business - Foreign,Active,Good,Good,Good,SOUTH DAKOTA,Perpetual,07/13/2011,"4102 N CLIFF AVE
SIOUX FALLS, SD 57104-5514","4102 N CLIFF AVE
SIOUX FALLS, SD 57104-5514",11/15/2019,"INCORP SERVICES, INC.
4501 COLEMAN ST
STE 102
BISMARCK, ND  58503",,,,,,,,169,"XTREME FIRE PROTECTION, LLC",Limited Liability Company - Business - Foreign,108148,07/13/2011,0000108517,Active,Good Standing,False,False,False,False
35,https://firststop.sos.nd.gov/api/FilingDetail/business/259434/false,Trade Name,Active,,,,,SALES OF EMERGENCY VEHICLE LIGHTS AND AUXILLARY LIGHTS,Expires - 5 years,03/02/2020,"121 3RD AVE E
WEST FARGO, ND 58078-1820",,,,,,"SHAWNA DOSH
121 3RD AVE E
WEST FARGO, ND 58078-1820",03/02/2015,"CHARLES DOSH
121 3RD AVE E
WEST FARGO, ND 58078-1820",,172,XTREME LIGHTING,Trade Name,259434,03/02/2015,0000259814,Active,Good Standing,False,False,False,False
36,https://firststop.sos.nd.gov/api/FilingDetail/business/232199/false,Trade Name,Active,,,,,Expires - 5 years,09/20/2006,"1620 E MAIN AVE
BISMARCK, ND 58501-4601","1620 E MAIN AVE
BISMARCK, ND 58501-4601",,,,DAYNA SCHANK,"5520 17TH AVE NE
BISMARCK, ND 58501-8714",INDEPENDENT STYLIST RENTING THEIR OWN BOOTHS,09/20/2021,,,171,X-TREME HAIR STUDIO & TANNING,Trade Name,232199,09/20/2006,0000232579,Active,Good Standing,False,False,False,False
37,https://firststop.sos.nd.gov/api/FilingDetail/business/92327/false,Limited Liability Company - Business - Foreign,Active,Good,Good,Good,NEVADA,Perpetual,06/17/2008,"7636 WCR 10
FORT LUPTON, CO 80621","7636 WCR 10
FORT LUPTON, CO 80621",11/15/2019,"INCORP SERVICES, INC.
4501 COLEMAN ST
STE 102
BISMARCK, ND  58503",,,,,,,,166,"XTREME DRILLING, LLC",Limited Liability Company - Business - Foreign,92327,06/17/2008,0000092696,Active,Good Standing,False,False,False,False
38,https://firststop.sos.nd.gov/api/FilingDetail/business/154618/false,Limited Liability Company - Business - Domestic,Active,Good,Good,Good,NORTH DAKOTA,Perpetual,06/26/2016,"813 3RD ST SE
MANDAN, ND 58554-4424","813 3RD ST SE
MANDAN, ND 58554-4424",11/15/2019,,"JADE  HOLTE
813 3RD ST SE
MANDAN, ND  58554-4424",,,,,,,165,XTREME DEEP CLEANING L.L.C.,Limited Liability Company - Business - Domestic,154618,06/26/2016,0000154992,Active,Good Standing,False,False,False,False
39,https://firststop.sos.nd.gov/api/FilingDetail/business/88715/false,Corporation - Business - Foreign,Active,Good,Good,Good,WASHINGTON,Perpetual,11/05/2007,"3500 CARILLON PT
KIRKLAND, WA 98033-7309","3500 CARILLON PT
KIRKLAND, WA 98033-7309",05/15/2019,"SEARCH COMPANY OF NORTH DAKOTA LLC
1709 N 19TH ST STE 3
BISMARCK, ND  58501-2121",,,,,,,,164,"XTREME CONSULTING GROUP, INC.",Corporation - Business - Foreign,88715,11/05/2007,0000089083,Active,Good Standing,False,False,True,False
40,https://firststop.sos.nd.gov/api/FilingDetail/business/154348/false,Limited Liability Company - Business - Domestic,Active,Good,Good,Good,NORTH DAKOTA,Perpetual,06/17/2016,"310 MAIN ST
LISBON, ND 58054-4140","310 MAIN ST
LISBON, ND 58054-4140",11/15/2019,,"SCOTT  SCHMIDT
208 6TH AVE E
LISBON, ND  58054-4610",,,,,,,170,"X-TREME FITNESS, LLC",Limited Liability Company - Business - Domestic,154348,06/17/2016,0000154722,Active,Good Standing,False,False,False,False
41,https://firststop.sos.nd.gov/api/FilingDetail/business/236958/false,Trade Name,Active,,,,,Expires - 5 years,01/27/2009,"12 MILLSTREET
PO BOX 87
PISEK, ND 58273-0087","12 MILLSTREET
PO BOX 87
PISEK, ND 58273-0087",,,,JOSH JELINEK,"PO BOX 87
PISEK, ND 58273-0087","GENERAL CONSTRUCTION, CONCRETE, REMODEL, ROOFING, NEW CONSTRUCTION",01/27/2024,,,163,XTREME BUILDERS,Trade Name,236958,01/27/2009,0000237338,Active,Good Standing,False,False,False,False
42,https://firststop.sos.nd.gov/api/FilingDetail/business/83121/false,Corporation - Business - Domestic,Active,Good,Good,Good,NORTH DAKOTA,Perpetual,06/28/2006,"2713 HIGHWAY 281 S
JAMESTOWN, ND 58401-6611","2713 HIGHWAY 281 S
JAMESTOWN, ND 58401-6611",08/03/2020,,"MARK L SCHUMACHER
2713 HWY 281 S
JAMESTOWN, ND  58401-6611",,,,,,,161,"XTREME AUTO, INC.",Corporation - Business - Domestic,83121,06/28/2006,0000083485,Active,Good Standing,False,False,False,False
43,https://firststop.sos.nd.gov/api/FilingDetail/business/195444/false,Fictitious Partnership Name,Active,,,,,Expires - 5 years,08/26/2013,"8812 FREY RD
HOUSTON, TX 77034-3502",,,,,"XTRALIGHT MANUFACTURING, LTD.",,,08/26/2023,,,157,XTRALIGHT MANUFACTURING LP,Fictitious Partnership Name,195444,08/26/2013,0000195824,Active,Good Standing,False,False,False,False
44,https://firststop.sos.nd.gov/api/FilingDetail/business/77127/false,Limited Liability Company - Business - Domestic,Active,Good,Good,Good,NORTH DAKOTA,Perpetual,10/11/2004,"2826 WESTGATE DR S
FARGO, ND 58103-3526","2826 WESTGATE DR S
FARGO, ND 58103-3526",11/15/2019,,"SHERLEEN  LARSON
2826 WESTGATE DR
FARGO, ND  58103-3526",,,,,,,156,"XTRA PROPERTIES, LLC",Limited Liability Company - Business - Domestic,77127,10/11/2004,0000077355,Active,Good Standing,False,False,False,False
45,https://firststop.sos.nd.gov/api/FilingDetail/business/153110/false,Limited Liability Company - Business - Domestic,Active,Good,Good,Good,NORTH DAKOTA,Perpetual,04/25/2016,"701 SUNFLOWER DR
BISMARCK, ND 58503-6293","701 SUNFLOWER DR
BISMARCK, ND 58503-6293",11/15/2019,,"JARED  MILLER
701 SUNFLOWER DR
BISMARCK, ND  58503-6293",,,,,,05/01/2016,162,"XTREME BORING, LLC",Limited Liability Company - Business - Domestic,153110,04/25/2016,0000153484,Active,Good Standing,False,False,False,False
46,https://firststop.sos.nd.gov/api/FilingDetail/business/185420/false,Limited Partnership - Foreign,Active,Good,Good,Good,TEXAS,Perpetual,08/26/2013,"8812 FREY RD
HOUSTON, TX 77034-3502","8812 FREY RD
HOUSTON, TX 77034-3502",04/01/2019,"NORTHWEST REGISTERED AGENT SERVICE, INC.
3003 32ND AVE S STE 240
FARGO, ND  58103-6118",,,,,,,,158,"XTRALIGHT MANUFACTURING, LTD. (dba XTRALIGHT MANUFACTURING LP)",Limited Partnership - Foreign,185420,08/26/2013,0000185800,Active,Good Standing,False,False,True,False
47,https://firststop.sos.nd.gov/api/FilingDetail/business/149899/false,Limited Liability Company - Business - Domestic,Active,Good,Good,Good,NORTH DAKOTA,Perpetual,11/06/2015,"2478 SIMS ST 
UNIT D
DICKINSON, ND 58601-6582","2478 SIMS ST 
UNIT D
DICKINSON, ND 58601-6582",11/15/2019,,"NEVADA  CRIMMINS
188 E VILLARD ST
DICKINSON, ND  58601-5245",,,,,,,160,XTREME AUTO DETAIL LLC,Limited Liability Company - Business - Domestic,149899,11/06/2015,0000150272,Active,Good Standing,False,False,False,False
48,https://firststop.sos.nd.gov/api/FilingDetail/business/13614/false,Corporation - Business - Foreign,Active,Good,Good,Good,DELAWARE,Perpetual,12/18/1980,"22777 SPRINGWOODS VILLAGE PARKWAY
SPRING, TX 77389","22777 SPRINGWOODS VILLAGE PKWY
SPRING, TX 77389-1425",05/15/2020,"CORPORATION SERVICE COMPANY
1709 N 19TH ST STE 3
BISMARCK, ND  58501-2121",,,,,,,,153,XTO OFFSHORE INC.,Corporation - Business - Foreign,13614,12/18/1980,0000013762,Active,Good Standing,False,False,False,False
49,https://firststop.sos.nd.gov/api/FilingDetail/business/76644/false,Corporation - Business - Foreign,Active,Good,Good,Good,DELAWARE,Perpetual,05/29/2008,"22777 SPRINGWOODS VILLAGE PARKWAY
SPRING, TX 77389","22777 SPRINGWOODS VILLAGE PKWY
SPRING, TX 77389-1425",05/15/2020,"CORPORATION SERVICE COMPANY
1709 N 19TH ST STE 3
BISMARCK, ND  58501-2121",,,,,,,,151,XTO ENERGY INC.,Corporation - Business - Foreign,76644,05/29/2008,0000076872,Active,Good Standing,False,False,False,False
50,https://firststop.sos.nd.gov/api/FilingDetail/business/269393/false,Trade Name,Active,,,,,Expires - 5 years,10/18/2017,"101 1ST ST SW
BOWMAN, ND 58623-4211","101 1ST ST SW
BOWMAN, ND 58623-4211",,,,CHRISTOPHER NWACHUKWU,"101 1ST ST SW
BOWMAN, ND 58623-4211","EDUCATION SERVICES- ESPECIALLY TEACHING AND COACHING ESL (ENGLISH AS SECONDLANGUAGE) TO NON-NATIVE SPEAKERS. IT WILL INVOLVE CULTURAL EXCHANGE, PRODUCTION, DISTRIBUTION AND MANAGEMENT OF EDUCATIONAL MATERIALS",10/18/2022,,,154,XTOP LANGUAGE EDUCATION SERVICES,Trade Name,269393,10/18/2017,0000269773,Active,Good Standing,False,False,False,False
51,https://firststop.sos.nd.gov/api/FilingDetail/business/169542/false,Limited Liability Company - Business - Domestic,Active,Good,Good,Good,NORTH DAKOTA,Perpetual,06/14/2018,"1413 44TH AVE S
MOORHEAD, MN 56560-6888","1413 44TH AVE S
MOORHEAD, MN 56560-6888",11/15/2019,,"NORTH DAKOTA REGISTERED AGENT SERVICES LLC
1709 N 19TH ST STE 3
BISMARCK, ND  58501-2121",,,,,,,155,XTRA APPAREL CO LLC,Limited Liability Company - Business - Domestic,169542,06/14/2018,0000169920,Active,Good Standing,False,False,False,False
52,https://firststop.sos.nd.gov/api/FilingDetail/business/146795/false,Limited Liability Company - Business - Domestic,Active,Good,Good,Good,NORTH DAKOTA,Perpetual,06/25/2015,"408 WASHINGTON AVE
HATTON, ND 58240-4109","408 WASHINGTON AVE
HATTON, ND 58240-4109",11/15/2018,"USCA, INC.
2404 E BROADWAY AVE STE D
BISMARCK, ND  58501-5027",,,,,,,,150,XTINGWISH LLC,Limited Liability Company - Business - Domestic,146795,06/25/2015,0000147168,Active,Good Standing,False,False,False,False
53,https://firststop.sos.nd.gov/api/FilingDetail/business/257509/false,Trade Name,Active,,,,,POLISH AND DETAILING SEMI-TRUCKS AND TRAILERS,Expires - 5 years,08/22/2019,"2539 HUNTINGTON PARK DR
GRAND FORKS, ND 58201-6136",,,,,,"BRANDI REITER
2539 HUNTINGTON PARK DR
GRAND FORKS, ND 58201-6136",08/22/2014,"LENNY REITER
2539 HUNTINGTON PARK DR
GRAND FORKS, ND 58201-6136",,175,X-TREME POLISHING,Trade Name,257509,08/22/2014,0000257889,Active,Good Standing,False,False,True,False
54,https://firststop.sos.nd.gov/api/FilingDetail/business/275471/false,Trade Name,Active,,,,,Expires - 5 years,02/20/2019,"1028 FORUM DR
BROUSSARD, LA 70518","1028 FORUM DR
BROUSSARD, LA 70518",,,,"LIFE LINE TECHNOLOGIES, LLC","1028 FORUM DR
BROUSSARD, LA 70518",medical clinic,02/20/2024,,,146,Xstreme MD,Trade Name,275471,02/20/2019,0002708816,Active,Good Standing,False,False,False,False
55,https://firststop.sos.nd.gov/api/FilingDetail/business/146294/false,Limited Liability Company - Business - Domestic,Active,Good,Good,Good,NORTH DAKOTA,Perpetual,06/08/2015,"1070 11TH ST NE
THOMPSON, ND 58278-9350","1070 11TH ST NE
THOMPSON, ND 58278-9350",11/15/2018,,"RYAN  BUCHHOLZ
1070 11TH ST NE
THOMPSON, ND  58278-9350",,,,,,,145,"X-STREAM WATERJETTING, LLC",Limited Liability Company - Business - Domestic,146294,06/08/2015,0000146667,Active,Good Standing,False,False,False,False
56,https://firststop.sos.nd.gov/api/FilingDetail/business/273964/false,Corporation - Business - Domestic,Active,Good,Good,Good,NORTH DAKOTA,Perpetual,01/22/2019,"1720 BURNT BOAT DRIVE STE 205
BISMARCK, ND 58503","1720 BURNT BOAT DRIVE STE 205
BISMARCK, ND 58503",08/03/2020,,"TRACIE  DAY
1720 BURNT BOAT DRIVE STE 205
BISMARCK, ND  58503",,,,,,,159,"Xtra-Office, Inc.",Corporation - Business - Domestic,273964,01/22/2019,0002694720,Active,Good Standing,False,False,False,False
57,https://firststop.sos.nd.gov/api/FilingDetail/business/171952/false,Limited Liability Company - Business - Foreign,Active,Good,Good,Good,DELAWARE,Perpetual,10/02/2018,"22777 SPRINGWOODS VILLAGE PKWY
SPRING, TX 77389-1425","22777 SPRINGWOODS VILLAGE PKWY
SPRING, TX 77389-1425",11/15/2019,"CORPORATION SERVICE COMPANY
1709 N 19TH ST STE 3
BISMARCK, ND  58501-2121",,,,,,,,152,"XTO HOLDINGS, LLC",Limited Liability Company - Business - Foreign,171952,10/02/2018,0000172330,Active,Good Standing,False,False,False,False
58,https://firststop.sos.nd.gov/api/FilingDetail/business/266256/false,Trade Name,Active,,,,,Expires - 5 years,01/05/2017,"PO BOX 73
ENDERLIN, ND 58027-0073","PO BOX 73
ENDERLIN, ND 58027-0073",,,,"KARLGAARD ENTERPRISES, LLC","11155 56TH ST SE
LITCHVILLE, ND 58461-9511",CAR WASH,01/05/2022,,,142,XSTREAM CLEAN CAR WASH,Trade Name,266256,01/05/2017,0000266636,Active,Good Standing,False,False,False,False
59,https://firststop.sos.nd.gov/api/FilingDetail/business/157057/false,Limited Liability Company - Business - Foreign,Active,Good,Good,Good,MINNESOTA,Perpetual,10/19/2016,"10303 140TH AVE N
FELTON, MN 56536-9306","10303 140TH AVE N
FELTON, MN 56536-9306",11/15/2019,"VOGEL LAW FIRM, LTD.
218 NP AVE
PO BOX 1389
FARGO, ND  58107-1389",,,,,,,,148,X-TECH LLC,Limited Liability Company - Business - Foreign,157057,10/19/2016,0000157433,Active,Good Standing,False,False,False,False
60,https://firststop.sos.nd.gov/api/FilingDetail/business/106570/false,Corporation - Business - Foreign,Active,Good,Good,Good,MINNESOTA,Perpetual,05/19/2011,"311 RAILROAD ST W
NYA, MN 55368-9774","311 RAILROAD ST W
NYA, MN 55368-9774",05/15/2020,"PARACORP INCORPORATED
1709 N 19TH ST STE 3
BISMARCK, ND  58501-2121",,,,,,,,168,"XTREME ELECTRICAL SERVICES, INC. (dba X ELECTRIC)",Corporation - Business - Foreign,106570,05/19/2011,0000106939,Active,Good Standing,False,False,False,False
61,https://firststop.sos.nd.gov/api/FilingDetail/business/91770/false,Limited Liability Company - Business - Domestic,Active,Good,Good,Good,NORTH DAKOTA,Perpetual,04/24/2008,"15075 56TH ST SE
LEONARD, ND 58052-9405","15075 56TH ST SE
LEONARD, ND 58052-9405",11/15/2019,,"DALE  PIETRUSZEWSKI
15075 56TH ST SE
LEONARD, ND  58052-9405",,,,,,,140,XSIDING XTERIORS LLC,Limited Liability Company - Business - Domestic,91770,04/24/2008,0000092139,Active,Good Standing,False,False,False,False
62,https://firststop.sos.nd.gov/api/FilingDetail/business/180186/false,Limited Liability Partnership - Domestic,Active,Good,Good,Good,NORTH DAKOTA,Perpetual,12/30/2002,"1422 E BROADWAY
BISMARCK, ND 58501-4664","1422 E BROADWAY AVE
BISMARCK, ND 58501-4664",04/01/2019,,"LYNN  JOHNSTON
1422 E BROADWAY
BISMARCK, ND  58501-4664",,,,,,01/01/2003,144,"XSTREAM PROPERTIES, LLP",Limited Liability Partnership - Domestic,180186,12/30/2002,0000180566,Active,Good Standing,False,False,True,False
63,https://firststop.sos.nd.gov/api/FilingDetail/business/159430/false,Limited Liability Company - Business - Foreign,Active,Good,Good,Good,ILLINOIS,Perpetual,03/23/2017,"4415 HARRISON ST STE 503
HILLSIDE, IL 60162-1900","4415 HARRISON ST STE 503
HILLSIDE, IL 60162-1900",11/15/2018,"REGISTERED AGENTS INC.
3003 32ND AVE S STE 240
FARGO, ND  58108",,,,,,,,139,"XSERVE SOLUTIONS, LLC",Limited Liability Company - Business - Foreign,159430,03/23/2017,0000159806,Active,Good Standing,False,False,False,False
64,https://firststop.sos.nd.gov/api/FilingDetail/business/160766/false,Limited Liability Company - Business - Domestic,Active,Good,Good,Good,NORTH DAKOTA,Perpetual,04/28/2017,"218 1ST AVE S
JAMESTOWN, ND 58401","218 1ST AVE S
JAMESTOWN, ND 58401",11/15/2018,"USCA, INC.
2404 E BROADWAY AVE STE D
BISMARCK, ND  58501-5027",,,,,,,,136,"X-RAY LIMA TANGO, LLC",Limited Liability Company - Business - Domestic,160766,04/28/2017,0000161142,Active,Good Standing,False,False,False,False
65,https://firststop.sos.nd.gov/api/FilingDetail/business/151835/false,Limited Liability Company - Business - Domestic,Active,Good,Good,Good,NORTH DAKOTA,Perpetual,02/18/2016,"3401 FIECHTNER DR S
FARGO, ND 58103-8750","3401 FIECHTNER DR S
FARGO, ND 58103-8750",11/15/2019,"JAMES R. BULLIS, P.C.
3280 VETERANS BLVD
STE 303
FARGO, ND  58104",,,,,,,,138,"XS DAKOTA, LLC",Limited Liability Company - Business - Domestic,151835,02/18/2016,0000152209,Active,Good Standing,False,False,False,False
66,https://firststop.sos.nd.gov/api/FilingDetail/business/173654/false,Limited Liability Company - Business - Foreign,Active,Good,Good,Good,OREGON,Perpetual,12/19/2018,"6612 BROOKLAKE RD NE
BROOKS, OR 97305-9764","6612 BROOKLAKE RD NE
BROOKS, OR 97305-9764",11/15/2019,,"REBECCA  GOETTLE
7182 66TH AVE NW
DONNYBROOK, ND  58734-9550",,,,,,,143,XSTREAM MOBILE SERVICE LLC,Limited Liability Company - Business - Foreign,173654,12/19/2018,0000174034,Active,Good Standing,False,False,False,False
67,https://firststop.sos.nd.gov/api/FilingDetail/business/282230/false,Limited Liability Company - Business - Foreign,Active,Good,Good,Good,MINNESOTA,Perpetual,07/17/2019,"20775 COUNTY ROAD 29
ROCHERT, MN 56578","20775 COUNTY ROAD 29
ROCHERT, MN 56578",11/16/2020,,"BRYCE ANDERSON & ASSOCIATES, PLLC
1461 BROADWAY N
STE 103
FARGO, ND  58102",,,,,,,135,Xquisite Construction LLC,Limited Liability Company - Business - Foreign,282230,07/17/2019,0002853122,Active,Good Standing,False,False,False,False
68,https://firststop.sos.nd.gov/api/FilingDetail/business/266406/false,Trade Name,Active,,,,,Expires - 5 years,01/18/2017,"2530 132 ND AVE JST NW
PO BOX 504
ARNEGARD, ND 58835-0504","2530 132 ND AVE JST NW
PO BOX 504
ARNEGARD, ND 58835-0504",,,,RONNE KENDALL,"PO BOX 504
ARNEGARD, ND 58835-0504",PROVIDE GRAPHIC DESIGN AND PHOTOGRAPHY TO THE COMMUNITY.,01/18/2022,,,190,XYZ PURE GRAPHICS DESIGN,Trade Name,266406,01/18/2017,0000266786,Active,Good Standing,False,False,False,False
69,https://firststop.sos.nd.gov/api/FilingDetail/business/254941/false,Trade Name,Active,,,,,Expires - 5 years,01/27/2014,"9175 76TH AVE NW
BOWBELLS, ND 58721-9330","9175 76TH AVE NW
BOWBELLS, ND 58721-9330",,,,JEROME M HINDS,"9175 76TH AVE NW
BOWBELLS, ND 58721-9330",CONSULTING ON AUTOMATION DEVELOPMENT FOR SMALL COMPANIES,01/27/2024,,,137,XS AUTOMATION,Trade Name,254941,01/27/2014,0000255321,Active,Good Standing,False,False,False,False
70,https://firststop.sos.nd.gov/api/FilingDetail/business/265692/false,Trade Name,Active,,,,,Expires - 5 years,10/19/2016,"10303 140TH AVE N
FELTON, MN 56536-9306","10303 140TH AVE N
FELTON, MN 56536-9306",,,,X-TECH LLC,"10303 140TH AVE N
FELTON, MN 56536-9306",INSTALL & MAINTAIN SECURITY SYSTEMS WITH DATA STORAGE & INTERNET SERVICES,10/19/2021,,,147,X-TECH,Trade Name,265692,10/19/2016,0000266072,Active,Good Standing,False,False,False,False
71,https://firststop.sos.nd.gov/api/FilingDetail/business/136532/false,Limited Liability Company - Business - Domestic,Active,Good,Good,Good,NORTH DAKOTA,Perpetual,05/21/2014,"1301 BEAN DR
PO BOX 10406
WILLISTON, ND 58803-0011","PO BOX 10406
WILLISTON, ND 58803-0011",11/15/2018,,"JAVIER  PEREZ
1301 BEAN DRIVE
PO BOX 10406
WILLISTON, ND  58803-0011",,,,,,,129,"XPRESS PORTABLES, LLC",Limited Liability Company - Business - Domestic,136532,05/21/2014,0000136904,Active,Good Standing,False,False,False,False
72,https://firststop.sos.nd.gov/api/FilingDetail/business/154294/false,Limited Liability Company - Business - Foreign,Active,Good,Good,Good,FLORIDA,Perpetual,06/16/2016,"7750 OKEECHOBEE BLVD STE 4-425
WEST PALM BEACH, FL 33411-2104","7750 OKEECHOBEE BLVD STE 4-425
WEST PALM BEACH, FL 33411-2104",11/15/2019,"CORPORATION SERVICE COMPANY
1709 N 19TH ST STE 3
BISMARCK, ND  58501-2121",,,,,,,,130,XPRESS RETAIL LLC,Limited Liability Company - Business - Foreign,154294,06/16/2016,0000154668,Active,Good Standing,False,False,False,False
73,https://firststop.sos.nd.gov/api/FilingDetail/business/265494/false,Trade Name,Active,,,,,Expires - 5 years,09/27/2016,"1000 WOODBRIDGE CENTER DR
WOODBRIDGE, NJ 07095-1314","1000 WOODBRIDGE CENTER DR
WOODBRIDGE, NJ 07095-1314",,,,MONEYDART GLOBAL SERVICES INC.,"1000 WOODBRIDGE CTR DR
SECOND FLOOR
WOODBRIDGE, NJ 07095-1322",FINANCIAL SERVICES (MONEY TRANSMITTER),09/27/2021,,,128,XPRESS MONEY,Trade Name,265494,09/27/2016,0000265874,Active,Good Standing,False,False,False,False
74,https://firststop.sos.nd.gov/api/FilingDetail/business/99313/false,Limited Liability Company - Business - Domestic,Active,Good,Good,Good,NORTH DAKOTA,Perpetual,04/29/2010,"12309 28TH ST NW
BISMARCK, ND 58503-8474","12309 28TH ST NW
BISMARCK, ND 58503-8474",11/15/2019,,"LUKE B WOLF
12309 28TH ST NW
BISMARCK, ND  58503-8474",,,,,,,131,XPRESS TRUCKING LLC,Limited Liability Company - Business - Domestic,99313,04/29/2010,0000099682,Active,Good Standing,False,False,False,False
75,https://firststop.sos.nd.gov/api/FilingDetail/business/263160/false,Trade Name,Active,,,,,Expires - 5 years,02/23/2016,"109 S MAIN ST
STANLEY, ND 58784-4003","109 S MAIN ST
STANLEY, ND 58784-4003",,,,CAMERON HARPER BECK,"PO BOX 727
STANLEY, ND 58784-0727",HAIR AND NAIL SALON (BEAUTY SALON),02/23/2021,,,127,XPRESS KUTZ & STYLZ,Trade Name,263160,02/23/2016,0000263540,Active,Good Standing,False,False,False,False
76,https://firststop.sos.nd.gov/api/FilingDetail/business/173609/false,Limited Liability Company - Business - Foreign,Active,Good,Good,Good,DELAWARE,Perpetual,12/06/2018,"4901 N BEACH ST
FORT WORTH, TX 76137-3404","4901 N BEACH ST
FORT WORTH, TX 76137-3404",11/15/2019,"REGISTERED AGENT SOLUTIONS, INC.
1709 N 19TH ST STE 3
BISMARCK, ND  58501-2121",,,,,,,,132,"XPRESSDOCS GP, LLC",Limited Liability Company - Business - Foreign,173609,12/06/2018,0000173989,Active,Good Standing,False,False,False,False
77,https://firststop.sos.nd.gov/api/FilingDetail/business/188181/false,Limited Partnership - Foreign,Active,Good,Good,Good,TEXAS,Perpetual,12/06/2018,"4901 N BEACH ST
DESIREE HARDING
FORT WORTH, TX 76137-3404","4901 N BEACH ST
FORT WORTH, TX 76137-3404",04/01/2020,"REGISTERED AGENT SOLUTIONS, INC.
1709 N 19TH ST STE 3
BISMARCK, ND  58501-2121",,,,,,,,133,"XPRESSDOCS PARTNERS, LTD. (dba XPRESSDOCS PARTNERS, LTD., A TEXAS LP)",Limited Partnership - Foreign,188181,12/06/2018,0000188561,Active,Good Standing,False,False,False,False
78,https://firststop.sos.nd.gov/api/FilingDetail/business/258375/false,Trade Name,Active,,,,,Expires - 5 years,11/07/2014,"1000 W WEATHERFORD ST STE 120
FORT WORTH, TX 76102-1842","1000 W WEATHERFORD ST STE 120
FORT WORTH, TX 76102-1842",,,,"HALL'S IV & INSTITUTIONAL PHARMACY, INC.","1000 W WEATHERFORD ST STE 120
FORT WORTH, TX 76102-1842",NONRESIDENT PHARMACY,11/07/2019,,,123,XPRESS COMPOUNDING,Trade Name,258375,11/07/2014,0000258755,Active,Good Standing,False,False,True,False
79,https://firststop.sos.nd.gov/api/FilingDetail/business/159148/false,Limited Liability Company - Business - Foreign,Active,Good,Good,Good,MINNESOTA,Perpetual,04/05/2017,"1622 13TH AVE SE
EAST GRAND FORKS, MN 56721-3213","1622 13TH AVE SE
EAST GRAND FORKS, MN 56721-3213",11/15/2019,,"WILLIAM  FRANKLIN
2268 21ST AVE NE
MEKINOCK, ND  58258-9636",,,,,,,122,XPRESS BLASTING LLC,Limited Liability Company - Business - Foreign,159148,04/05/2017,0000159524,Active,Good Standing,False,False,False,False
80,https://firststop.sos.nd.gov/api/FilingDetail/business/159971/false,Corporation - Business - Foreign,Active,Good,Good,Good,NEVADA,Perpetual,03/22/2017,"3773 HOWARD HUGHES PKWY STE 500S
C/O INCORP SERVICES, INC. 
LAS VEGAS, NV 89169-6014","3773 HOWARD HUGHES PKWY
STE 500S
C/O INCORP SERVICES, INC. 
LAS VEGAS, NV 89169-6014",05/15/2020,"INCORP SERVICES, INC.
4501 COLEMAN ST
STE 102
BISMARCK, ND  58503",,,,,,,,120,XPONET (dba XPONET CORPORATION),Corporation - Business - Foreign,159971,03/22/2017,0000160347,Active,Good Standing,False,False,False,False
81,https://firststop.sos.nd.gov/api/FilingDetail/business/117503/false,Limited Liability Company - Business - Foreign,Active,Good,Good,Good,GEORGIA,Perpetual,05/30/2012,"1537 NEW HOPE CHURCH RD
TUNNEL HILL, GA 30755-9275","1537 NEW HOPE CHURCH RD
TUNNEL HILL, GA 30755-9275",11/15/2019,"CORPORATION SERVICE COMPANY
1709 N 19TH ST STE 3
BISMARCK, ND  58501-2121",,,,,,,,125,"XPRESS GLOBAL SYSTEMS, LLC",Limited Liability Company - Business - Foreign,117503,05/30/2012,0000117873,Active,Good Standing,False,False,False,False
82,https://firststop.sos.nd.gov/api/FilingDetail/business/259506/false,Trade Name,Active,,,,,Expires - 5 years,03/11/2015,"710 MAIN ST N #1
WATFORD CITY, ND 58854","710 MAIN ST N #1
WATFORD CITY, ND 58854",,,,LEYDI CHAN,"710 MAIN ST N #1
WATFORD CITY, ND 58854",SALON - HAIRCUTS ONLY,03/11/2020,,,124,X-PRESS CUTZ,Trade Name,259506,03/11/2015,0000259886,Active,Good Standing,False,False,False,False
83,https://firststop.sos.nd.gov/api/FilingDetail/business/280584/false,Limited Liability Company - Business - Domestic,Active,Good,Good,Good,NORTH DAKOTA,Perpetual,06/26/2019,"497 116TH AVE SW
DOUG SPARROW
KILLDEER, ND 58640","497 116TH AVE SW
DOUG SPARROW
KILLDEER, ND 58640-9327",11/16/2020,,"NANETTE  EDMONDSON
11769 1ST ST SW
KILLDEER, ND  58640-9753",,,,,,,141,X-SITE Energy Services LLC,Limited Liability Company - Business - Domestic,280584,06/26/2019,0002831615,Active,Good Standing,False,False,False,False
84,https://firststop.sos.nd.gov/api/FilingDetail/business/45656/false,Corporation - Business - Foreign,Active,Good,Good,Good,DELAWARE,Perpetual,07/21/1995,"2211 OLD EARHART RD
ANN ARBOR, MI 48105-2963","2211 OLD EARHART RD
ANN ARBOR, MI 48105-2963",05/15/2020,"REGISTERED AGENT SOLUTIONS, INC.
1709 N 19TH ST STE 3
BISMARCK, ND  58501-2121",,,,,,,,116,"XPO LOGISTICS FREIGHT, INC.",Corporation - Business - Foreign,45656,07/21/1995,0000045863,Active,Good Standing,False,False,False,False
85,https://firststop.sos.nd.gov/api/FilingDetail/business/50106/false,Corporation - Business - Foreign,Active,Good,Good,Good,DELAWARE,Perpetual,04/19/2004,"4035 PIEDMONT PKWY
HIGH POINT, NC 27265-9402","PO BOX 6046
TAX DEPT
PORTLAND, OR 97228-6046",05/15/2020,"REGISTERED AGENT SOLUTIONS, INC.
1709 N 19TH ST STE 3
BISMARCK, ND  58501-2121",,,,,,,,118,"XPO LOGISTICS WORLDWIDE, INC.",Corporation - Business - Foreign,50106,04/19/2004,0000050314,Active,Good Standing,False,False,False,False
86,https://firststop.sos.nd.gov/api/FilingDetail/business/262187/false,Trade Name,Active,,,,,Expires - 5 years,11/04/2015,"109 N 4TH ST
NEW SALEM, ND 58563","109 N 4TH ST
NEW SALEM, ND 58563",,,,MCKINSEY RUSK,"207 S 4TH ST
GLEN ULLIN, ND 58631-7312",COSMETOLOGY PRACTICE/HAIR SALON,11/04/2020,,,126,X'PRESS HAIR DEZYNES,Trade Name,262187,11/04/2015,0000262567,Active,Good Standing,False,False,False,False
87,https://firststop.sos.nd.gov/api/FilingDetail/business/154896/false,Limited Liability Company - Business - Domestic,Active,Good,Good,Good,NORTH DAKOTA,Perpetual,07/01/2016,"2609 HERITAGE DR
MINOT, ND 58703-1660","2609 HERITAGE DR
MINOT, ND 58703-1660",11/15/2019,,"RACHAEL  NADEAU
2609 HERITAGE DR
MINOT, ND  58703-1660",,,,,,,113,XPERT ENTERPRISES LLC,Limited Liability Company - Business - Domestic,154896,07/01/2016,0000155270,Active,Good Standing,False,False,False,False
88,https://firststop.sos.nd.gov/api/FilingDetail/business/282517/false,Limited Liability Company - Business - Domestic,Active,Good,Good,Good,NORTH DAKOTA,Perpetual,08/08/2019,"3003 32ND AVE. S. STE 240
FARGO, ND 58103","3003 32ND AVE S
STE 240
FARGO, ND 58103-6118",11/16/2020,"NORTHWEST REGISTERED AGENT SERVICE, INC.
3003 32ND AVE S STE 240
FARGO, ND  58103-6118",,,,,,,,112,Xpert Drywall llc,Limited Liability Company - Business - Domestic,282517,08/08/2019,0002857167,Active,Good Standing,False,False,False,False
89,https://firststop.sos.nd.gov/api/FilingDetail/business/107567/false,Limited Liability Company - Business - Domestic,Active,Good,Good,Good,NORTH DAKOTA,Perpetual,06/20/2011,"915 4TH AVE S
FARGO, ND 58103-1714","915 4TH AVE S
FARGO, ND 58103-1714",11/15/2019,,"ERIC  OLSON
915 4TH AVE S
FARGO, ND  58103-1714",,,,,,,114,XPI LLC,Limited Liability Company - Business - Domestic,107567,06/20/2011,0000107936,Active,Good Standing,False,False,False,False
90,https://firststop.sos.nd.gov/api/FilingDetail/business/86448/false,Limited Liability Company - Business - Domestic,Active,Good,Good,Good,NORTH DAKOTA,Perpetual,04/17/2007,"442 JEROME STREET
PEMBINA, ND 58271-9710","442 JEROME ST
PEMBINA, ND 58271-4012",11/15/2019,,"DARCY D REIS
442 JEROME ST
PEMBINA, ND  58271",,,,,,,111,XPERIENCE HEALTH & FITNESS LLC,Limited Liability Company - Business - Domestic,86448,04/17/2007,0000086814,Active,Good Standing,False,False,False,False
91,https://firststop.sos.nd.gov/api/FilingDetail/business/90563/false,Corporation - Business - Foreign,Active,Good,Good,Good,GEORGIA,Perpetual,01/31/2008,"1851 W OAK PKWY STE 100
MARIETTA, GA 30062-2285","2055 NW SAVIER ST
TAX DEPARTMENT
PORTLAND, OR 97209-1770",05/15/2020,"REGISTERED AGENT SOLUTIONS, INC.
1709 N 19TH ST STE 3
BISMARCK, ND  58501-2121",,,,,,,,115,"XPO LAST MILE, INC.",Corporation - Business - Foreign,90563,01/31/2008,0000090931,Active,Good Standing,False,False,False,False
92,https://firststop.sos.nd.gov/api/FilingDetail/business/267118/false,Trade Name,Active,,,,,Expires - 5 years,03/22/2017,"9090 W ROSADA WAY
LAS VEGAS, NV 89149-3555","9090 W ROSADA WAY
LAS VEGAS, NV 89149-3555",,,,XPONET,"3773 HOWARD HUGHES PKWY STE 500S
C/O INCORP SERVICES, INC. 
LAS VEGAS, NV 89169-6014",DESIGNER/DEVELOPER OF DIGITAL SIGNAGE SOLUTIONS,03/22/2022,,,121,XPONET CORPORATION,Trade Name,267118,03/22/2017,0000267498,Active,Good Standing,False,False,False,False
93,https://firststop.sos.nd.gov/api/FilingDetail/business/273234/false,Trade Name,Active,,,,,Expires - 5 years,10/29/2018,"444 E WASHINGTON ST
INDIANAPOLIS, IN 46204-2609","444 E WASHINGTON ST
INDIANAPOLIS, IN 46204-2609",,,,XOME VALUATION SERVICES LLC,"444 E WASHINGTON ST
INDIANAPOLIS, IN 46204-2609",REAL ESTATE APPRAISAL MANAGEMENT,10/29/2023,,,107,XOME VALUATIONS,Trade Name,273234,10/29/2018,0000273614,Active,Good Standing,False,False,False,False
94,https://firststop.sos.nd.gov/api/FilingDetail/business/228072/false,Trade Name,Active,,,,,Expires - 5 years,10/18/2004,"1006 6TH ST NW
MANDAN, ND 58554-2419","1006 6TH ST NW
MANDAN, ND 58554-2419",,,,TRAVIS TOEPKE,"229 S 22ND ST
BISMARCK, ND 58504-6002","SIDING, WINDOWS, LAWN SPRAYING",10/18/2019,,,149,X-TERIOR SOLUTIONS,Trade Name,228072,10/18/2004,0000228452,Active,Good Standing,False,False,True,False
95,https://firststop.sos.nd.gov/api/FilingDetail/business/281594/false,Limited Liability Company - Business - Foreign,Active,Good,Good,Good,TEXAS,Perpetual,07/18/2019,"750 HIGHWAY 121 BYPASS, SUITE 100
LEWISVILLE, TX 75067","750 STATE HIGHWAY 121 BYP
STE 100
LEWISVILLE, TX 75067-8199",11/16/2020,"CORPORATION SERVICE COMPANY
1709 N 19TH ST STE 3
BISMARCK, ND  58501-2121",,,,,,,,105,Xome Services LLC,Limited Liability Company - Business - Foreign,281594,07/18/2019,0002845261,Active,Good Standing,False,False,False,False
96,https://firststop.sos.nd.gov/api/FilingDetail/business/231746/false,Trade Name,Active,,,,,Expires - 5 years,07/24/2006,"15560 102ND ST NE
PEMBINA, ND 58271-9710","15560 102ND ST NE
PEMBINA, ND 58271-9710",,,,XPERIENCE HEALTH & FITNESS LLC,"442 JEROME STREET
PEMBINA, ND 58271-9710",FITNESS FACILITY WITH WELLNESS CONSULTING & PERSONAL TRAINING,07/24/2021,,,110,XPERIENCE HEALTH & FITNESS,Trade Name,231746,07/24/2006,0000232126,Active,Good Standing,False,False,False,False
97,https://firststop.sos.nd.gov/api/FilingDetail/business/137413/false,Limited Liability Company - Business - Foreign,Active,Good,Good,Good,DELAWARE,Perpetual,06/14/2014,"750 STATE HIGHWAY 121 BYP
LEWISVILLE, TX 75067-8174","750 STATE HIGHWAY 121 BYP
LEWISVILLE, TX 75067-8174",11/15/2019,"CORPORATION SERVICE COMPANY
1709 N 19TH ST STE 3
BISMARCK, ND  58501-2121",,,,,,,,103,XOME LEADS LLC,Limited Liability Company - Business - Foreign,137413,06/14/2014,0000137785,Active,Good Standing,False,False,False,False
98,https://firststop.sos.nd.gov/api/FilingDetail/business/123678/false,Limited Liability Company - Business - Foreign,Active,Good,Good,Good,DELAWARE,Perpetual,01/11/2013,"750 STATE HIGHWAY 121 BYP
LEWISVILLE, TX 75067-8174","750 STATE HIGHWAY 121 BYP
LEWISVILLE, TX 75067-8174",11/15/2019,"CORPORATION SERVICE COMPANY
1709 N 19TH ST STE 3
BISMARCK, ND  58501-2121",,,,,,,,104,XOME REALTY SERVICES LLC,Limited Liability Company - Business - Foreign,123678,01/11/2013,0000124048,Active,Good Standing,False,False,False,False
99,https://firststop.sos.nd.gov/api/FilingDetail/business/171478/false,Limited Liability Company - Business - Foreign,Active,Good,Good,Good,INDIANA,Perpetual,09/24/2018,"444 E WASHINGTON ST
INDIANAPOLIS, IN 46204-2609","444 E WASHINGTON ST
INDIANAPOLIS, IN 46204-2609",11/15/2019,"CORPORATION SERVICE COMPANY
1709 N 19TH ST STE 3
BISMARCK, ND  58501-2121",,,,,,,,106,XOME VALUATION SERVICES LLC,Limited Liability Company - Business - Foreign,171478,09/24/2018,0000171856,Active,Good Standing,False,False,False,False
100,https://firststop.sos.nd.gov/api/FilingDetail/business/110642/false,Corporation - Business - Foreign,Active,Good,Good,Good,DELAWARE,Perpetual,10/06/2011,"2000 SIERRA POINT PKWY STE 200
BRISBANE, CA 94005-1846","2000 SIERRA POINT PKWY STE 200
BRISBANE, CA 94005-1846",05/15/2019,"CORPORATION SERVICE COMPANY
1709 N 19TH ST STE 3
BISMARCK, ND  58501-2121",,,,,,,,100,"XOJET, INC.",Corporation - Business - Foreign,110642,10/06/2011,0000111012,Active,Good Standing,False,False,True,False
101,https://firststop.sos.nd.gov/api/FilingDetail/business/125299/false,Corporation - Business - Foreign,Active,Good,Good,Good,DELAWARE,Perpetual,03/05/2013,"750 STATE HIGHWAY 121 BYP
STE 100
LEWISVILLE, TX 75067-8174","750 STATE HIGHWAY 121 BYP
STE 100
LEWISVILLE, TX 75067-8199",05/15/2020,"CORPORATION SERVICE COMPANY
1709 N 19TH ST STE 3
BISMARCK, ND  58501-2121",,,,,,,,102,XOME INC.,Corporation - Business - Foreign,125299,03/05/2013,0000125669,Active,Good Standing,False,False,False,False
102,https://firststop.sos.nd.gov/api/FilingDetail/business/270408/false,Trade Name,Active,,,,,Expires - 5 years,02/06/2018,"607 13TH ST NE
JAMESTOWN, ND 58401-2600","607 13TH ST NE
JAMESTOWN, ND 58401-2600",,,,ASHLEY MACK,"742 10TH ST NE
JAMESTOWN, ND 58401-3420","BOOTH RENTAL, HAIR SALON",02/06/2023,,,98,XO BEAUTY,Trade Name,270408,02/06/2018,0000270788,Active,Good Standing,False,False,False,False
103,https://firststop.sos.nd.gov/api/FilingDetail/business/49020/false,Corporation - Business - Foreign,Active,Good,Good,Good,MINNESOTA,Perpetual,01/20/1999,"405 SCIENCE DR
MOORPARK, CA 93021-2247","PO BOX 979
BROOKFIELD, WI 53008-0979",05/15/2020,"CORPORATION SERVICE COMPANY
1709 N 19TH ST STE 3
BISMARCK, ND  58501-2121",,,,,,,,108,XP SYSTEMS CORPORATION,Corporation - Business - Foreign,49020,01/20/1999,0000049228,Active,Good Standing,False,False,False,False
104,https://firststop.sos.nd.gov/api/FilingDetail/business/277362/false,Limited Liability Company - Business - Domestic,Active,Good,Good,Good,NORTH DAKOTA,Perpetual,03/27/2019,"5963 HIGHWAY 85
APT 10101
WILLISTON, ND 58801","5963 HIGHWAY 85
APT 10101
WILLISTON, ND 58801",11/16/2020,"USCA, INC.
2404 E BROADWAY AVE STE D
BISMARCK, ND  58501-5027",,,,,,,,109,XP Transport LLC,Limited Liability Company - Business - Domestic,277362,03/27/2019,0002742772,Active,Good Standing,False,False,False,False
105,https://firststop.sos.nd.gov/api/FilingDetail/business/279692/false,Limited Liability Company - Business - Domestic,Active,Good,Good,Good,NORTH DAKOTA,Perpetual,05/15/2019,"645 BEACON CIR
GRAND FORKS, ND 58201","645 BEACON CIR
GRAND FORKS, ND 58201",11/16/2020,"USCA, INC.
2404 E BROADWAY AVE STE D
BISMARCK, ND  58501-5027",,,,,,,,95,xmodn security LLC,Limited Liability Company - Business - Domestic,279692,05/15/2019,0002794925,Active,Good Standing,False,False,False,False
106,https://firststop.sos.nd.gov/api/FilingDetail/business/169931/false,Limited Liability Company - Business - Domestic,Active,Good,Good,Good,NORTH DAKOTA,Perpetual,07/02/2018,"4609 MARIE ST
BELTSVILLE, MD 20705-2917","4609 MARIE ST
BELTSVILLE, MD 20705-2917",11/15/2019,,"LEGALINC CORPORATE SERVICES INC.
2404 E BROADWAY AVE STE D
BISMARCK, ND  58501-5027",,,,,,,119,XPON INTERNATIONAL LLC,Limited Liability Company - Business - Domestic,169931,07/02/2018,0000170309,Active,Good Standing,False,False,False,False
107,https://firststop.sos.nd.gov/api/FilingDetail/business/256755/false,Trade Name,Active,,,,,Expires - 5 years,06/17/2014,"13 9TH AVE NW
PO BOX 293
BOWMAN, ND 58623-0293","13 9TH AVE NW
PO BOX 293
BOWMAN, ND 58623-0293",,,,CARMEN FARIS,"PO BOX 293
BOWMAN, ND 58623-0293",CLEANING HOMES (RESIDENTIAL CLEANING).,06/17/2019,,,96,XMT CLEANING,Trade Name,256755,06/17/2014,0000257135,Active,Good Standing,False,False,True,False
108,https://firststop.sos.nd.gov/api/FilingDetail/business/280171/false,Corporation - Business - Foreign,Active,Good,Good,Good,ILLINOIS,Perpetual,05/29/2019,"6318 KINGSBRIDGE DRIVE
CARY, IL 60013","6318 KINGSBRIDGE DRIVE
CARY, IL 60013",05/15/2020,"C T CORPORATION SYSTEM
120 W SWEET AVE
BISMARCK, ND  58504-5566",,,,,,,,92,"XLT Management Services, Inc.",Corporation - Business - Foreign,280171,05/29/2019,0002813336,Active,Good Standing,False,False,False,False
109,https://firststop.sos.nd.gov/api/FilingDetail/business/85802/false,Corporation - Business - Foreign,Active,Good,Good,Good,FLORIDA,Perpetual,02/06/2007,"2424 N FEDERAL HWY STE 314
BOCA RATON, FL 33431-7780","2424 N FEDERAL HWY
STE 314
BOCA RATON, FL 33431-7780",05/15/2020,"REGISTERED AGENT SOLUTIONS, INC.
1709 N 19TH ST STE 3
BISMARCK, ND  58501-2121",,,,,,,,97,XN FINANCIAL SERVICES INC.,Corporation - Business - Foreign,85802,02/06/2007,0000086167,Active,Good Standing,False,False,False,False
110,https://firststop.sos.nd.gov/api/FilingDetail/business/270532/false,Trade Name,Active,,,,,Expires - 5 years,02/21/2018,"461 1ST ST W
JAMESTOWN, ND 58401-4001","461 1ST ST W
JAMESTOWN, ND 58401-4001",,,,"X-RAY LIMA TANGO, LLC","218 1ST AVE S
JAMESTOWN, ND 58401",TAXI CAB SERVICE,02/21/2023,,,93,XLT TAXI,Trade Name,270532,02/21/2018,0000270912,Active,Good Standing,False,False,False,False
111,https://firststop.sos.nd.gov/api/FilingDetail/business/268062/false,Trade Name,Active,,,,,Expires - 5 years,06/15/2017,"461 1ST ST W
JAMESTOWN, ND 58401-4001","461 1ST ST W
JAMESTOWN, ND 58401-4001",,,,"X-RAY LIMA TANGO, LLC","218 1ST AVE S
JAMESTOWN, ND 58401","GENERAL CONSTRUCTION AND REPAIR, REMODELING",06/15/2022,,,91,XLT HOME REPAIR,Trade Name,268062,06/15/2017,0000268442,Active,Good Standing,False,False,False,False
112,https://firststop.sos.nd.gov/api/FilingDetail/business/147460/false,Corporation - Business - Foreign,Active,Good,Good,Good,SOUTH CAROLINA,Perpetual,07/22/2015,"1125 SPARKLEBERRY LANE EXT
COLUMBIA, SC 29223-7015","1125 SPARKLEBERRY LANE EXT
COLUMBIA, SC 29223-7015",05/15/2020,"REGISTERED AGENTS INC.
3003 32ND AVE S STE 240
FARGO, ND  58108",,,,,,,,88,"XL MEDIAWORKS, INC.",Corporation - Business - Foreign,147460,07/22/2015,0000147833,Active,Good Standing,False,False,False,False
113,https://firststop.sos.nd.gov/api/FilingDetail/business/116177/false,Limited Liability Company - Business - Foreign,Active,Good,Good,Good,DELAWARE,Perpetual,06/25/2014,"9600 GREAT HILLS TRAIL
SUITE 150W
AUSTIN, TX 78759","9600 GREAT HILLS TRL
STE 150W
AUSTIN, TX 78759-6303",11/15/2019,"CORPORATION SERVICE COMPANY
1709 N 19TH ST STE 3
BISMARCK, ND  58501-2121",,,,,,,,101,XOME FIELD SERVICES LLC,Limited Liability Company - Business - Foreign,116177,06/25/2014,0000116547,Active,Good Standing,False,False,False,False
114,https://firststop.sos.nd.gov/api/FilingDetail/business/47640/false,Corporation - Business - Domestic,Active,Good,Good,Good,NORTH DAKOTA,Perpetual,05/24/1996,"2517 MEMORIAL HWY
MANDAN, ND 58554-4628","2517 MEMORIAL HWY
MANDAN, ND 58554-4628",08/03/2020,,"DAN  MASSETH
2695 28TH ST
MANDAN, ND  58554-8005",,,,,,,86,"XL HOMES, CORP.",Corporation - Business - Domestic,47640,05/24/1996,0000047848,Active,Good Standing,False,False,False,False
115,https://firststop.sos.nd.gov/api/FilingDetail/business/159096/false,Corporation - Business - Foreign,Active,Good,Good,Good,PENNSYLVANIA,Perpetual,02/15/2017,"121 DOYLE ST
DOYLESTOWN, PA 18901-3701","121 DOYLE ST
DOYLESTOWN, PA 18901-3701",05/15/2019,"PARACORP INCORPORATED
1709 N 19TH ST STE 3
BISMARCK, ND  58501-2121",,,,,,,,85,"XL GROUP, INC.",Corporation - Business - Foreign,159096,02/15/2017,0000159472,Active,Good Standing,False,False,True,False
116,https://firststop.sos.nd.gov/api/FilingDetail/business/157816/false,Limited Liability Company - Business - Foreign,Active,Good,Good,Good,TEXAS,Perpetual,12/09/2016,"8812 FREY RD
HOUSTON, TX 77034-3502","8812 FREY RD
HOUSTON, TX 77034-3502",11/15/2018,"NORTHWEST REGISTERED AGENT SERVICE, INC.
3003 32ND AVE S STE 240
FARGO, ND  58103-6118",,,,,,,,90,"XLM MANAGEMENT, LLC",Limited Liability Company - Business - Foreign,157816,12/09/2016,0000158192,Active,Good Standing,False,False,False,False
117,https://firststop.sos.nd.gov/api/FilingDetail/business/169747/false,Limited Liability Company - Business - Domestic,Active,Good,Good,Good,NORTH DAKOTA,Perpetual,06/22/2018,"1850 ABRAHAM PKWY UNIT 2
DICKINSON, ND 58601-5597","1850 ABRAHAM PKWY UNIT 2
DICKINSON, ND 58601-5597",11/15/2019,,"XAVIER  KILBY
1850 ABRAHAM PKWY UNIT 2
DICKINSON, ND  58601-5597",,,,,,,84,XJK SERVICES LLC,Limited Liability Company - Business - Domestic,169747,06/22/2018,0000170125,Active,Good Standing,False,False,False,False
118,https://firststop.sos.nd.gov/api/FilingDetail/business/169193/false,Corporation - Business - Foreign,Active,Good,Good,Good,NORTH CAROLINA,Perpetual,05/30/2018,"4035 PIEDMONT PKWY
HIGH POINT, NC 27265-9402","PO BOX 6046
TAX DEPT
PORTLAND, OR 97228-6046",05/15/2020,"REGISTERED AGENT SOLUTIONS, INC.
1709 N 19TH ST STE 3
BISMARCK, ND  58501-2121",,,,,,,,117,"XPO LOGISTICS SUPPLY CHAIN, INC.",Corporation - Business - Foreign,169193,05/30/2018,0000169571,Active,Good Standing,False,False,False,False
119,https://firststop.sos.nd.gov/api/FilingDetail/business/136264/false,Corporation - Business - Foreign,Active,Good,Good,Good,INDIANA,Perpetual,05/06/2014,"1920 N 400 W
LA PORTE, IN 46350-2131","1920 N 400 W
LA PORTE, IN 46350-2131",05/15/2020,"CORPORATION SERVICE COMPANY
1709 N 19TH ST STE 3
BISMARCK, ND  58501-2121",,,,,,,,87,"XL INDUSTRIAL SERVICES, INC.",Corporation - Business - Foreign,136264,05/06/2014,0000136636,Active,Good Standing,False,False,False,False
120,https://firststop.sos.nd.gov/api/FilingDetail/business/136423/false,Limited Liability Company - Business - Domestic,Active,Good,Good,Good,NORTH DAKOTA,Perpetual,05/12/2014,"198 BERTHOLD ST
PO BOX 8
PLAZA, ND 58771-0008","PO BOX 8
PLAZA, ND 58771-0008",11/15/2019,,"DARIN K POWELL
198 BERTHOLD ST
PO BOX 8
PLAZA, ND  58771-0008",,,,,,,83,"XIPHOS TECHNICAL SERVICES, LLC",Limited Liability Company - Business - Domestic,136423,05/12/2014,0000136795,Active,Good Standing,False,False,False,False
121,https://firststop.sos.nd.gov/api/FilingDetail/business/66201/false,Corporation - Business - Foreign,Active,Good,Good,Good,MINNESOTA,Perpetual,03/26/2001,"2375 TELSTAR DR 
STE 150
COLORADO SPRINGS, CO 80920","2375 TELSTAR DR
STE 150
COLORADO SPRINGS, CO 80920-1029",05/15/2020,"CAPITOL CORPORATE SERVICES, INC.
51 BROADWAY N STE 600
FARGO, ND  58102-4970",,,,,,,,82,XIOTECH CORPORATION,Corporation - Business - Foreign,66201,03/26/2001,0000066417,Active,Good Standing,False,False,False,False
122,https://firststop.sos.nd.gov/api/FilingDetail/business/84706/false,Limited Liability Company - Business - Foreign,Active,Good,Good,Good,PENNSYLVANIA,Perpetual,11/07/2006,"17200 MEDINA RD STE 800
PLYMOUTH, MN 55447-5605","17200 MEDINA RD STE 800
PLYMOUTH, MN 55447-5605",11/15/2019,"C T CORPORATION SYSTEM
120 W SWEET AVE
BISMARCK, ND  58504-5566",,,,,,,,78,"XIGENT SOLUTIONS, LLC",Limited Liability Company - Business - Foreign,84706,11/07/2006,0000085071,Active,Good Standing,False,False,False,False
123,https://firststop.sos.nd.gov/api/FilingDetail/business/74042/false,Limited Liability Company - Business - Domestic,Active,Good,Good,Good,NORTH DAKOTA,Perpetual,03/28/2003,"317 BROADWAY N
FARGO, ND 58102-4714","317 BROADWAY N
FARGO, ND 58102-4714",11/15/2019,,"CINDY  O'DAY
2991 PETERSON PKWY NE
FARGO, ND  58102-1752",,,,,,,77,"XIE XIE, LLC",Limited Liability Company - Business - Domestic,74042,03/28/2003,0000074263,Active,Good Standing,False,False,False,False
124,https://firststop.sos.nd.gov/api/FilingDetail/business/172950/false,Limited Liability Company - Business - Domestic,Active,Good,Good,Good,NORTH DAKOTA,Perpetual,11/07/2018,"3143 KEN ST N
MANDAN, ND 58554-8318","3143 KEN ST N
MANDAN, ND 58554-8318",11/15/2019,"USCA, INC.
2404 E BROADWAY AVE STE D
BISMARCK, ND  58501-5027",,,,,,,,76,"XHOSHGA CONSULTING, LLC",Limited Liability Company - Business - Domestic,172950,11/07/2018,0000173329,Active,Good Standing,False,False,False,False
125,https://firststop.sos.nd.gov/api/FilingDetail/business/66466/false,Limited Liability Company - Business - Foreign,Active,Good,Good,Good,DELAWARE,Perpetual,08/13/2004,"1 VERIZON WAY
BASKING RIDGE, NJ 07920-1025","1 VERIZON WAY
BASKING RIDGE, NJ 07920-1025",11/15/2019,"C T CORPORATION SYSTEM
120 W SWEET AVE
BISMARCK, ND  58504-5566",,,,,,,,99,"XO COMMUNICATIONS SERVICES, LLC",Limited Liability Company - Business - Foreign,66466,08/13/2004,0000066683,Active,Good Standing,False,False,False,False
126,https://firststop.sos.nd.gov/api/FilingDetail/business/266286/false,Trade Name,Active,,,,,Expires - 5 years,01/06/2017,"8722 S HARRISON ST
PO BOX 469
SANDY, UT 84091-0469","8722 S HARRISON ST
PO BOX 469
SANDY, UT 84091-0469",,,,"EVOLUTION INSURANCE BROKERS, LC","8722 S HARRISON ST
SANDY, UT 84091-4439",AGENCY ENGAGED IN SALE OF INSURANCE PRODUCTS,01/06/2022,,,81,XINSURANCE,Trade Name,266286,01/06/2017,0000266666,Active,Good Standing,False,False,False,False
127,https://firststop.sos.nd.gov/api/FilingDetail/business/123072/false,Limited Liability Company - Business - Domestic,Active,Good,Good,Good,NORTH DAKOTA,Perpetual,12/04/2012,"14079 41ST ST NW
ALEXANDER, ND 58831-8719","14079 41ST ST NW
ALEXANDER, ND 58831-8719",11/15/2019,,"COREY  GETZLAFF
14079 41ST ST NW
ALEXANDER, ND  58831-8719",,,,,,,89,"XL TRANSPORT, LLC",Limited Liability Company - Business - Domestic,123072,12/04/2012,0000123442,Active,Good Standing,False,False,False,False
128,https://firststop.sos.nd.gov/api/FilingDetail/business/117057/false,Limited Liability Company - Business - Domestic,Active,Good,Good,Good,NORTH DAKOTA,Perpetual,05/21/2012,"3612 GRAYSON DR
BURLINGTON, ND 58722","3612 GRAYSON DR
BURLINGTON, ND 58722-9541",11/15/2019,,"GEORGE  POITRA
3612 GRAYSON DR
BURLINGTON, ND  58722-9541",,,,,,,73,"XGP PROPERTIES, LLC",Limited Liability Company - Business - Domestic,117057,05/21/2012,0000117427,Active,Good Standing,False,False,False,False
129,https://firststop.sos.nd.gov/api/FilingDetail/business/269798/false,Trade Name,Active,,,,,Expires - 5 years,11/28/2017,"1701 JOHN F KENNEDY BLVD
PHILADELPHIA, PA 19103-2838","1701 JOHN F KENNEDY BLVD
PHILADELPHIA, PA 19103-2838",,,,"COMCAST BROADBAND SECURITY, LLC","1701 JOHN F KENNEDY BLVD
PHILADELPHIA, PA 19103-2838",INSTALL/SERVICE XFINITY SECURITY SYSTEMS,11/28/2022,,,71,XFINITY HOME,Trade Name,269798,11/28/2017,0000270178,Active,Good Standing,False,False,False,False
130,https://firststop.sos.nd.gov/api/FilingDetail/business/266292/false,Trade Name,Active,,,,,"CUSTOM & PRODUCTION WOODWORKING, FURNITURE MAKING & REPAIR, REFINISHING, ART, HOME DECOR, CARVING, ENGRAVING",Expires - 5 years,01/06/2022,"7021 ENDICOTT DR
BISMARCK, ND 58503-6900",,,,,,"JESSICA WETSCH
7021 ENDICOTT DR
BISMARCK, ND 58503-6900",01/06/2017,"MICHAEL WETSCH
7021 ENDICOTT DR
BISMARCK, ND 58503-6900",,74,X-GRAIN CREATIONS,Trade Name,266292,01/06/2017,0000266672,Active,Good Standing,False,False,False,False
131,https://firststop.sos.nd.gov/api/FilingDetail/business/62403/false,Corporation - Business - Foreign,Active,Good,Good,Good,OKLAHOMA,Perpetual,04/06/2000,"4001 N. RODNEY PARHAM ROAD
LITTLE ROCK, AR 72212-2459","4001 N RODNEY PARHAM RD
LITTLE ROCK, AR 72212-2459",05/15/2020,"REGISTERED AGENT SOLUTIONS, INC.
1709 N 19TH ST STE 3
BISMARCK, ND  58501-2121",,,,,,,,69,"XETA TECHNOLOGIES, INC.",Corporation - Business - Foreign,62403,04/06/2000,0000062616,Active,Good Standing,False,False,False,False
132,https://firststop.sos.nd.gov/api/FilingDetail/business/280560/false,Trade Name,Active,,,,,Expires - 5 years,06/07/2019,"218 1ST AVE S
JAMESTOWN, ND 58401","218 1ST AVE S
JAMESTOWN, ND 58401",,,,"X-RAY LIMA TANGO, LLC","218 1ST AVE S
JAMESTOWN, ND 58401",Transport building supplies,06/07/2024,,,94,XLT Transport,Trade Name,280560,06/07/2019,0002831383,Active,Good Standing,False,False,False,False
133,https://firststop.sos.nd.gov/api/FilingDetail/business/266340/false,Trade Name,Active,,,,,Expires - 5 years,01/10/2017,"181 2ND AVE NW
PO BOX 862
KILLDEER, ND 58640-0862","181 2ND AVE NW
PO BOX 862
KILLDEER, ND 58640-0862",,,,JASON J NORTH,"PO BOX 862
KILLDEER, ND 58640-0862",GENERAL CONTRACTOR,01/10/2022,,,79,XII TO 4,Trade Name,266340,01/10/2017,0000266720,Active,Good Standing,False,False,False,False
134,https://firststop.sos.nd.gov/api/FilingDetail/business/282742/false,Corporation - Business - Domestic,Active,Good,Good,Good,NORTH DAKOTA,Perpetual,07/29/2019,"1301 UNIVERSITY AVE
GRAND FORKS, ND 58203","1301 UNIVERSITY AVE
GRAND FORKS, ND 58203",08/03/2020,,"CLIFF  COSS
1301 UNIVERSITY AVE
GRAND FORKS, ND  58203",,,,,,,70,XFI Inc,Corporation - Business - Domestic,282742,07/29/2019,0002860458,Active,Good Standing,False,False,False,False
135,https://firststop.sos.nd.gov/api/FilingDetail/business/268196/false,Trade Name,Active,,,,,Expires - 5 years,06/25/2017,"8260 WILOW OAKS CORPORATE DR
STE 600
FAIRFAX, VA 22031","8260 WILOW OAKS CORPORATE DR
STE 600
FAIRFAX, VA 22031",,,,"CONDUENT STATE & LOCAL SOLUTIONS, INC.","100 CAMPUS DR
FLORHAM PARK, NJ 07932-1020",BUSINESS PROCESS OUTSOURCING,06/25/2022,,,67,XEROX STATE & LOCAL SOLUTIONS,Trade Name,268196,06/25/2017,0000268576,Active,Good Standing,False,False,False,False
136,https://firststop.sos.nd.gov/api/FilingDetail/business/14868/false,Limited Liability Company - Business - Foreign,Active,Good,Good,Good,DELAWARE,Perpetual,05/04/1983,"22777 SPRINGWOODS VILLAGE PKWY
SPRING, TX 77389-1425","22777 SPRINGWOODS VILLAGE PKWY
SPRING, TX 77389-1425",11/15/2019,"CORPORATION SERVICE COMPANY
1709 N 19TH ST STE 3
BISMARCK, ND  58501-2121",,,,,,,,75,"XH, LLC",Limited Liability Company - Business - Foreign,14868,05/04/1983,0000015018,Active,Good Standing,False,False,False,False
137,https://firststop.sos.nd.gov/api/FilingDetail/business/100168/false,Corporation - Business - Foreign,Active,Good,Good,Good,NEW YORK,Perpetual,06/19/2010,"300 DANIEL ZENKER DR
HORSEHEADS, NY 14845","300 DANIEL ZENKER DR
HORSEHEADS, NY 14845-1014",05/15/2020,"INCORP SERVICES, INC.
4501 COLEMAN ST
STE 102
BISMARCK, ND  58503",,,,,,,,72,"X-GEN PHARMACEUTICALS, INC.",Corporation - Business - Foreign,100168,06/19/2010,0000100537,Active,Good Standing,False,False,False,False
138,https://firststop.sos.nd.gov/api/FilingDetail/business/148120/false,Limited Liability Company - Business - Foreign,Active,Good,Good,Good,DELAWARE,Perpetual,08/17/2015,"8435 KEYSTONE XING STE 240
INDIANAPOLIS, IN 46240-4357","8435 KEYSTONE XING STE 240
INDIANAPOLIS, IN 46240-4357",11/15/2019,"COGENCY GLOBAL INC.
120 W SWEET AVE STE 9
BISMARCK, ND  58504",,,,,,,,62,XERCOR INSURANCE SERVICES LLC,Limited Liability Company - Business - Foreign,148120,08/17/2015,0000148493,Active,Good Standing,False,False,False,False
139,https://firststop.sos.nd.gov/api/FilingDetail/business/112916/false,Corporation - Business - Domestic,Active,Not Good,Good,Good,NORTH DAKOTA,Perpetual,12/29/2011,"2542 25TH AVE S
FARGO, ND 58103-5078","2542 25TH AVE S
FARGO, ND 58103-5078",08/01/2018,,"XINKE  GUO
2542 25TH AVE S
FARGO, ND  58103-5078",,,,,,01/01/2012,80,XINKE INC,Corporation - Business - Domestic,112916,12/29/2011,0000113286,Active,Not Good Standing,False,False,False,False
140,https://firststop.sos.nd.gov/api/FilingDetail/business/268198/false,Trade Name,Active,,,,,Expires - 5 years,06/25/2017,"2828 N HASKELL AVE FL 9
DALLAS, TX 75204-2909","2828 N HASKELL AVE FL 9
DALLAS, TX 75204-2909",,,,"CONDUENT GOVERNMENT SYSTEMS, LLC","2828 N HASKELL AVE FL 9
DALLAS, TX 75204-2909",BUSINESS PROCESS OUTSOURCING,06/25/2022,,,66,XEROX GOVERNMENT SYSTEMS,Trade Name,268198,06/25/2017,0000268578,Active,Good Standing,False,False,False,False
141,https://firststop.sos.nd.gov/api/FilingDetail/business/73374/false,Limited Liability Company - Business - Foreign,Active,Good,Good,Good,DELAWARE,Perpetual,02/04/2003,"45 GLOVER AVE STE 7033D
NORWALK, CT 06850-1238","45 GLOVER AVE STE 7033D
NORWALK, CT 06850-1238",11/15/2019,"CORPORATION SERVICE COMPANY
1709 N 19TH ST STE 3
BISMARCK, ND  58501-2121",,,,,,,,65,XEROX FINANCIAL SERVICES LLC,Limited Liability Company - Business - Foreign,73374,02/04/2003,0000073595,Active,Good Standing,False,False,False,False
142,https://firststop.sos.nd.gov/api/FilingDetail/business/196642/false,Fictitious Partnership Name,Active,,,,,Expires - 5 years,12/06/2018,"4901 N BEACH ST
FORT WORTH, TX 76137-3404",,,,,"XPRESSDOCS PARTNERS, LTD.",,,12/06/2023,,,134,"XPRESSDOCS PARTNERS, LTD., A TEXAS LP",Fictitious Partnership Name,196642,12/06/2018,0000197022,Active,Good Standing,False,False,False,False
143,https://firststop.sos.nd.gov/api/FilingDetail/business/17447/false,Corporation - Business - Foreign,Active,Good,Good,Good,NEW YORK,Perpetual,05/05/1964,"201 MERRITT 7
NORWALK, CT 06851-1056","201 MERRITT 7
NORWALK, CT 06851-1056",05/15/2020,"THE PRENTICE-HALL CORPORATION SYSTEM, INC.
1709 N 19TH ST STE 3
BISMARCK, ND  58501-2121",,,,,,,,64,XEROX CORPORATION,Corporation - Business - Foreign,17447,05/05/1964,0000017597,Active,Good Standing,False,False,False,False
144,https://firststop.sos.nd.gov/api/FilingDetail/business/275237/false,Corporation - Business - Foreign,Active,Good,Good,Good,DELAWARE,Perpetual,02/14/2019,"180 N LASALLE STREET 
STE 1600
CHICAGO, IL 60601","180 N LASALLE STREET 
STE 1600
CHICAGO, IL 60601",05/15/2020,"C T CORPORATION SYSTEM
120 W SWEET AVE
BISMARCK, ND  58504-5566",,,,,,,,63,"Xeris Pharmaceuticals, Inc.",Corporation - Business - Foreign,275237,02/14/2019,0002705646,Active,Good Standing,False,False,False,False
145,https://firststop.sos.nd.gov/api/FilingDetail/business/268202/false,Trade Name,Active,,,,,Expires - 5 years,06/25/2017,"2828 N HASKELL AVE FL 9
DALLAS, TX 75204-2909","2828 N HASKELL AVE FL 9
DALLAS, TX 75204-2909",,,,"CONDUENT STATE HEALTHCARE, LLC","2828 N HASKELL AVE BLDG 1 FL 9
DALLAS, TX 75204-2909",BUSINESS PROCESS OUTSOURCING,06/25/2022,,,68,XEROX STATE HEALTHCARE,Trade Name,268202,06/25/2017,0000268582,Active,Good Standing,False,False,False,False
146,https://firststop.sos.nd.gov/api/FilingDetail/business/109508/false,Corporation - Business - Foreign,Active,Not Good,Good,Good,DELAWARE,Perpetual,08/30/2011,"241 E 4TH ST STE 202
FREDERICK, MD 21701-3612","241 E 4TH ST STE 202
FREDERICK, MD 21701-3612",05/15/2018,"CORPORATION SERVICE COMPANY
1709 N 19TH ST STE 3
BISMARCK, ND  58501-2121",,,,,,,,61,XEOHEALTH CORPORATION,Corporation - Business - Foreign,109508,08/30/2011,0000109878,Active,Not Good Standing,False,False,False,False
147,https://firststop.sos.nd.gov/api/FilingDetail/business/137930/false,Corporation - Business - Foreign,Active,Good,Good,Good,KANSAS,Perpetual,06/30/2014,"7932 NIEMAN RD
LENEXA, KS 66214-1560","7932 NIEMAN RD
LENEXA, KS 66214-1560",05/15/2019,"CAPITOL CORPORATE SERVICES, INC.
51 BROADWAY N STE 600
FARGO, ND  58102-4970",,,,,,,,55,"XEC, INC. (dba XEC CONSTRUCTION, INC.)",Corporation - Business - Foreign,137930,06/30/2014,0000138302,Active,Good Standing,False,False,True,False
148,https://firststop.sos.nd.gov/api/FilingDetail/business/170193/false,Limited Liability Company - Business - Foreign,Active,Good,Good,Good,DELAWARE,Perpetual,07/16/2018,"200 NORTHFIELD RD
BEDFORD, OH 44146-4642","200 NORTHFIELD RD
BEDFORD, OH 44146-4642",11/15/2019,"REGISTERED AGENTS INC.
3003 32ND AVE S STE 240
FARGO, ND  58108",,,,,,,,56,XELLIA PHARMACEUTICALS USA LLC,Limited Liability Company - Business - Foreign,170193,07/16/2018,0000170571,Active,Good Standing,False,False,False,False
149,https://firststop.sos.nd.gov/api/FilingDetail/business/256924/false,Trade Name,Active,,,,,Expires - 5 years,06/30/2014,"7932 NIEMAN RD
LENEXA, KS 66214-1560","7932 NIEMAN RD
LENEXA, KS 66214-1560",,,,"XEC, INC.","7932 NIEMAN RD
LENEXA, KS 66214-1560",CONSTRUCTION MANAGEMENT,06/30/2019,,,54,"XEC CONSTRUCTION, INC.",Trade Name,256924,06/30/2014,0000257304,Active,Good Standing,False,False,True,False
150,https://firststop.sos.nd.gov/api/FilingDetail/business/154726/false,Limited Liability Company - Business - Foreign,Active,Good,Good,Good,DELAWARE,Perpetual,06/27/2016,"1201 WOODWARD AVE 
DETROIT, MI 48226-2006","1201 WOODWARD AVE
DETROIT, MI 48226-2039",11/15/2019,"UNITED AGENT GROUP INC.
1709 N 19TH ST #3
BISMARCK, ND  58501-2121",,,,,,,,59,"XENITH, LLC",Limited Liability Company - Business - Foreign,154726,06/27/2016,0000155100,Active,Good Standing,False,False,False,False
151,https://firststop.sos.nd.gov/api/FilingDetail/business/170568/false,Limited Liability Company - Business - Foreign,Active,Good,Good,Good,DELAWARE,Perpetual,07/31/2018,"425 N MARTINGALE RD FL 8
SCHAUMBURG, IL 60173-2406","425 N MARTINGALE RD FL 8
SCHAUMBURG, IL 60173-2406",11/15/2019,"C T CORPORATION SYSTEM
120 W SWEET AVE
BISMARCK, ND  58504-5566",,,,,,,,34,"XCED AVIATION SERVICES, LLC",Limited Liability Company - Business - Foreign,170568,07/31/2018,0000170946,Active,Good Standing,False,False,False,False
152,https://firststop.sos.nd.gov/api/FilingDetail/business/135134/false,Limited Liability Company - Business - Foreign,Active,Good,Good,Good,TEXAS,Perpetual,03/20/2014,"121 INTERPARK BLVD STE 104
SAN ANTONIO, TX 78216-1844","121 INTERPARK BLVD
STE 104
SAN ANTONIO, TX 78216-1844",11/15/2019,"INCORP SERVICES, INC.
4501 COLEMAN ST
STE 102
BISMARCK, ND  58503",,,,,,,,58,XENEX DISINFECTION SERVICES LLC,Limited Liability Company - Business - Foreign,135134,03/20/2014,0000135506,Active,Good Standing,False,False,False,False
153,https://firststop.sos.nd.gov/api/FilingDetail/business/165755/false,Limited Liability Company - Business - Domestic,Active,Good,Good,Good,NORTH DAKOTA,Perpetual,12/18/2017,"710 17TH ST NW
JAMESTOWN, ND 58401-2241","710 17TH ST NW
JAMESTOWN, ND 58401-2241",11/15/2019,,"CHRISTOPHER  PERLEBERG
710 17TH ST NW
JAMESTOWN, ND  58401-2241",,,,,,,36,XCEL AGRONOMY LLC,Limited Liability Company - Business - Domestic,165755,12/18/2017,0000166132,Active,Good Standing,False,False,False,False
154,https://firststop.sos.nd.gov/api/FilingDetail/business/278291/false,Trade Name,Active,,,,,Expires - 5 years,04/16/2019,"4854 132ND DR. NW
TANNER COLLETTE
WILLISTON, ND 58801","4854 132ND DR NW
TANNER COLLETTE
WILLISTON, ND 58801-9245",,,,Xcel Automation & Electric LLC,"4854 132ND DR. NW
TANNER COLLETTE
WILLISTON, ND 58801",Automation & electrical contracting,04/16/2024,,,37,Xcel Automation,Trade Name,278291,04/16/2019,0002769937,Active,Good Standing,False,False,False,False
155,https://firststop.sos.nd.gov/api/FilingDetail/business/282675/false,Limited Liability Company - Business - Foreign,Active,Good,Good,Good,TEXAS,Perpetual,07/31/2019,"1609 PRECISION DRIVE
3000``
JOHN W. LUXEN
PLANO, TX 75074","1609 PRECISION DR
STE 3000
JOHN W. LUXEN
PLANO, TX 75074-8676",11/16/2020,"C T CORPORATION SYSTEM
120 W SWEET AVE
BISMARCK, ND  58504-5566",,,,,,,,57,"Xencom Energy Management, LLC",Limited Liability Company - Business - Foreign,282675,07/31/2019,0002859472,Active,Good Standing,False,False,False,False
156,https://firststop.sos.nd.gov/api/FilingDetail/business/41359/false,Limited Liability Company - Business - Domestic,Active,Good,Good,Good,NORTH DAKOTA,Expires,12/19/2003,"115 W CENTURY AVE 
STE B
BISMARCK, ND 58503-1403","115 W CENTURY AVE
STE B
BISMARCK, ND 58503-1403",11/15/2019,,"RICK  PAULSON
115 W CENTURY AVE STE B
BISMARCK, ND  58503-1403",,,,12/19/2053,,,29,"XANADU PRODUCTS, L.L.C.",Limited Liability Company - Business - Domestic,41359,12/19/2003,0000041563,Active,Good Standing,False,False,False,False
157,https://firststop.sos.nd.gov/api/FilingDetail/business/186056/false,Limited Liability Limited Partnership - Domestic,Active,Good,Good,Good,NORTH DAKOTA,Perpetual,08/29/2014,"14542 38TH ST SE
WHEATLAND, ND 58079-9756","14542 38TH ST SE
WHEATLAND, ND 58079-9756",04/01/2019,,"PETER M BOYLE
1136 7TH ST N
FARGO, ND  58102-2602",,,,,,,32,XB HOLDINGS LLLP,Limited Liability Limited Partnership - Domestic,186056,08/29/2014,0000186436,Active,Good Standing,False,False,True,False
158,https://firststop.sos.nd.gov/api/FilingDetail/business/265626/false,Trade Name,Active,,,,,Expires - 5 years,10/14/2016,"607 N 3RD ST # 1
GRAND FORKS, ND 58203-3203","607 N 3RD ST # 1
GRAND FORKS, ND 58203-3203",,,,PATRICIA A ROGALLA,"607 N 3RD ST # 1
GRAND FORKS, ND 58203-3203","MAKE & SELL HAND CRAFTED JEWELRY & OTHER CRAFT ITEMS. CANDLE HOLDERS, WINECORK DESIGNS, REFURBISHED JEWELRY.",10/14/2021,,,31,XAPIC STUDIOS,Trade Name,265626,10/14/2016,0000266006,Active,Good Standing,False,False,False,False
159,https://firststop.sos.nd.gov/api/FilingDetail/business/261912/false,Trade Name,Active,,,,,"MOBILE REPAIRS & PREVENTATIVE MAINTENANCE OF OTHER COMPANY FLEET UNITS.  OIL CHANGES, MINOR REPAIR.",Expires - 5 years,10/08/2020,"1705 1ST AVE SE
MINOT, ND 58701-4107",,,,,,"ANITA B CLARK
1705 1ST AVE SE
MINOT, ND 58701-4107",10/08/2015,"MICHAEL C CLARK
1705 1ST AVE SE
MINOT, ND 58701-4107",,27,X-ACT FLEET SOLUTIONS,Trade Name,261912,10/08/2015,0000262292,Active,Good Standing,False,False,False,False
160,https://firststop.sos.nd.gov/api/FilingDetail/business/123275/false,Corporation - Business - Foreign,Active,Good,Good,Good,DELAWARE,Perpetual,12/11/2012,"6 CONCOURSE PKWY STE 1800
ATLANTA, GA 30328-5353","6 CONCOURSE PKWY STE 1800
ATLANTA, GA 30328-5353",05/15/2019,"CORPORATION SERVICE COMPANY
1709 N 19TH ST STE 3
BISMARCK, ND  58501-2121",,,,,,,,60,"XENOPORT, INC.",Corporation - Business - Foreign,123275,12/11/2012,0000123645,Active,Good Standing,False,False,True,False
161,https://firststop.sos.nd.gov/api/FilingDetail/business/263963/false,Trade Name,Active,,,,,Expires - 5 years,05/12/2016,"STE 1400
11800 SUNRISE VALLEY DR
RESTON, VA 20191-5300","STE 1400
11800 SUNRISE VALLEY DR
RESTON, VA 20191-5300",,,,"K&B UNDERWRITERS, LLC","11800 SUNRISE VALLEY DR
STE 1280
RESTON, VA 20191-5300",ONLINE SUBMISSION ENTRY FOR INSURANCE QUOTING AND BINDING,05/12/2021,,,28,XAGENT,Trade Name,263963,05/12/2016,0000264343,Active,Good Standing,False,False,False,False
162,https://firststop.sos.nd.gov/api/FilingDetail/business/171651/false,Limited Liability Company - Business - Domestic,Active,Good,Good,Good,NORTH DAKOTA,Perpetual,10/04/2018,"1292 56TH ST SE
BRADDOCK, ND 58524-9244","1292 56TH ST SE
BRADDOCK, ND 58524-9244",11/15/2019,,"ANTHONY  BAUMGARTNER
1292 56TH ST SE
BRADDOCK, ND  58524-9244",,,,,,,35,XCEL AG SOLUTIONS LLC,Limited Liability Company - Business - Domestic,171651,10/04/2018,0000172029,Active,Good Standing,False,False,False,False
163,https://firststop.sos.nd.gov/api/FilingDetail/business/157286/false,Corporation - Business - Foreign,Active,Good,Good,Good,MASSACHUSETTS,Perpetual,11/02/2016,"13 TEMPLE ST
QUINCY, MA 02169-5110","13 TEMPLE ST
QUINCY, MA 02169-5110",05/15/2020,"REGISTERED AGENT SOLUTIONS, INC.
1709 N 19TH ST STE 3
BISMARCK, ND  58501-2121",,,,,,,,22,"X S BROKERS INSURANCE AGENCY, INC.",Corporation - Business - Foreign,157286,11/02/2016,0000157662,Active,Good Standing,False,False,False,False
164,https://firststop.sos.nd.gov/api/FilingDetail/business/103417/false,Limited Liability Company - Business - Domestic,Active,Good,Good,Good,NORTH DAKOTA,Perpetual,01/26/2011,"5604 COUNTY ROAD 17 S
HORACE, ND 58047-5703","5604 COUNTY ROAD 17 S
HORACE, ND 58047-5703",11/15/2019,,"KIMBERLEE  MOEN
5604 COUNTY ROAD 17 S
HORACE, ND  58047-5703",,,,,,,25,"XABEAT, LLC",Limited Liability Company - Business - Domestic,103417,01/26/2011,0000103786,Active,Good Standing,False,False,False,False
165,https://firststop.sos.nd.gov/api/FilingDetail/business/68357/false,Corporation - Business - Foreign,Active,Good,Good,Good,NEVADA,Perpetual,10/25/2001,"270 S MAIN ST
FLEMINGTON, NJ 08822-1787","270 S MAIN ST
FLEMINGTON, NJ 08822-1787",05/15/2020,"NATIONAL REGISTERED AGENTS, INC.
120 W SWEET AVE
BISMARCK, ND  58504-5566",,,,,,,,24,"X2COMM, INC.",Corporation - Business - Foreign,68357,10/25/2001,0000068574,Active,Good Standing,False,False,False,False
166,https://firststop.sos.nd.gov/api/FilingDetail/business/111048/false,Corporation - Business - Foreign,Active,Not Good,Good,Good,UTAH,Perpetual,10/21/2011,"1771 W 1500 S
VERNAL, UT 84078-4527","1771 W 1500 S
VERNAL, UT 84078-4527",05/15/2018,"NATIONAL REGISTERED AGENTS, INC.
120 W SWEET AVE
BISMARCK, ND  58504-5566",,,,,,,,19,"X BAR BAR ENTERPRISES, INC.",Corporation - Business - Foreign,111048,10/21/2011,0000111418,Active,Not Good Standing,False,False,False,False
167,https://firststop.sos.nd.gov/api/FilingDetail/business/161734/false,Limited Liability Company - Business - Domestic,Active,Good,Good,Good,NORTH DAKOTA,Perpetual,06/08/2017,"5604 COUNTY ROAD 17 S
HORACE, ND 58047-5703","5604 COUNTY ROAD 17 S
HORACE, ND 58047-5703",11/15/2019,,"KIMBERLEE  MOEN
5604 COUNTY ROAD 17 S
HORACE, ND  58047-5703",,,,,,,26,"XABOP, LLC",Limited Liability Company - Business - Domestic,161734,06/08/2017,0000162111,Active,Good Standing,False,False,False,False
168,https://firststop.sos.nd.gov/api/FilingDetail/business/84218/false,Limited Liability Company - Business - Domestic,Active,Good,Good,Good,NORTH DAKOTA,Perpetual,10/16/2006,"4390 46TH AVE S 
UNIT A
FARGO, ND 58104-4257","4390 46TH AVE S UNIT A
FARGO, ND 58104-4257",11/15/2019,,"MICHELLE  BAKKE
4390 46TH AVE S UNIT A
FARGO, ND  58104-4257",,,,,,,30,"XANADU, LLC",Limited Liability Company - Business - Domestic,84218,10/16/2006,0000084583,Active,Good Standing,False,False,False,False
169,https://firststop.sos.nd.gov/api/FilingDetail/business/146367/false,Limited Liability Company - Business - Foreign,Active,Good,Good,Good,DELAWARE,Perpetual,06/10/2015,"5445 LEGACY DR STE 180
PLANO, TX 75024-3309","5445 LEGACY DR STE 180
PLANO, TX 75024-3309",11/15/2019,"C T CORPORATION SYSTEM
120 W SWEET AVE
BISMARCK, ND  58504-5566",,,,,,,,16,MAGNA5 LLC,Limited Liability Company - Business - Foreign,146367,06/10/2015,0000146740,Active,Good Standing,False,False,False,False
170,https://firststop.sos.nd.gov/api/FilingDetail/business/125881/false,Limited Liability Company - Business - Foreign,Active,Good,Good,Good,UTAH,Perpetual,03/25/2013,"1940 S BROADWAY STE 173
MINOT, ND 58701-6508","1940 S BROADWAY STE 173
MINOT, ND 58701-6508",11/15/2018,,"JEFF  BARLOW
1940 S BROADWAY STE 173
MINOT, ND  58701-6508",,,,,,,18,"X 1 BUILDERS , LLC",Limited Liability Company - Business - Foreign,125881,03/25/2013,0000126251,Active,Good Standing,False,False,False,False
171,https://firststop.sos.nd.gov/api/FilingDetail/business/31989/false,Corporation - Business - Foreign,Active,Good,Good,Good,MINNESOTA,Perpetual,04/22/1991,"6535 N. STATE HIGHWAY 161
IRVING, TX 75039","6535 STATE HIGHWAY 161
IRVING, TX 75039-2402",05/15/2020,"CORPORATION SERVICE COMPANY
1709 N 19TH ST STE 3
BISMARCK, ND  58501-2121",,,,,,,,17,MCKESSON MEDICAL-SURGICAL MEDIMART INC.,Corporation - Business - Foreign,31989,04/22/1991,0000032178,Active,Good Standing,False,False,False,False
172,https://firststop.sos.nd.gov/api/FilingDetail/business/135654/false,Corporation - Business - Domestic,Active,Good,Good,Good,NORTH DAKOTA,Perpetual,04/10/2014,"418 GATEWAY DR  GRAND FORKS ND
PO BOX 95
MENTOR, MN 56736-0095","PO BOX 95
MENTOR, MN 56736-0095",08/01/2019,,"LS DRYWALL INC.
418 GATEWAY DR
GRAND FORKS, ND  58203-2467",,,,,,,21,X INC.,Corporation - Business - Domestic,135654,04/10/2014,0000136026,Active,Good Standing,False,False,True,False
173,https://firststop.sos.nd.gov/api/FilingDetail/business/244002/false,Trade Name,Active,,,,,Expires - 5 years,05/19/2011,"311 RAILROAD ST W
NORWOOD, MN 55368-9774","311 RAILROAD ST W
NORWOOD, MN 55368-9774",,,,"XTREME ELECTRICAL SERVICES, INC.","311 RAILROAD ST W
NYA, MN 55368-9774",ELECTRICAL WORK,05/19/2021,,,20,X ELECTRIC,Trade Name,244002,05/19/2011,0000244382,Active,Good Standing,False,False,False,False
174,https://firststop.sos.nd.gov/api/FilingDetail/business/173426/false,Limited Liability Company - Business - Foreign,Active,Good,Good,Good,MINNESOTA,Perpetual,11/28/2018,"48235 275TH AVE
STAPLES, MN 56479-5180","48235 275TH AVE
STAPLES, MN 56479-5180",11/15/2019,,"TYLER J HOEMBERG
3506 DOUBLEDAY DR
BISMARCK, ND  58503-8070",,,,,,,23,X10 INVESTMENTS L.L.C.,Limited Liability Company - Business - Foreign,173426,11/28/2018,0000173806,Active,Good Standing,False,False,False,False
175,https://firststop.sos.nd.gov/api/FilingDetail/business/151536/false,Limited Liability Company - Business - Foreign,Active,Good,Good,Good,OKLAHOMA,Perpetual,02/01/2016,"1 TOBACCO RD
PRYOR, OK 74361-4002","1 TOBACCO RD
PRYOR, OK 74361-4002",11/15/2019,"CORPORATION SERVICE COMPANY
1709 N 19TH ST STE 3
BISMARCK, ND  58501-2121",,,,,,,,33,"XCALIBER INTERNATIONAL LTD., L.L.C.",Limited Liability Company - Business - Foreign,151536,02/01/2016,0000151910,Active,Good Standing,False,False,False,False
176,https://firststop.sos.nd.gov/api/FilingDetail/business/90557/false,Corporation - Business - Foreign,Active,Good,Good,Good,MISSOURI,Perpetual,01/30/2008,"4701 E 32ND ST
JOPLIN, MO 64804-3482","4701 E 32ND ST
JOPLIN, MO 64804-3482",05/15/2020,"CORPORATION SERVICE COMPANY
1709 N 19TH ST STE 3
BISMARCK, ND  58501-2121",,,,,,,,14,"CONTRACT FREIGHTERS, INC.",Corporation - Business - Foreign,90557,01/30/2008,0000090925,Active,Good Standing,False,False,False,False
177,https://firststop.sos.nd.gov/api/FilingDetail/business/74479/false,Limited Liability Company - Business - Foreign,Active,Good,Good,Good,DELAWARE,Perpetual,05/01/2003,"2828 N HASKELL AVE BLDG 1 FL 9
DALLAS, TX 75204-2909","2828 N HASKELL AVE BLDG 1 FL 9
DALLAS, TX 75204-2909",11/15/2019,"CORPORATION SERVICE COMPANY
1709 N 19TH ST STE 3
BISMARCK, ND  58501-2121",,,,,,,,13,"CONDUENT STATE HEALTHCARE, LLC",Limited Liability Company - Business - Foreign,74479,05/01/2003,0000074703,Active,Good Standing,False,False,False,False
178,https://firststop.sos.nd.gov/api/FilingDetail/business/278153/false,Limited Liability Company - Business - Domestic,Active,Good,Good,Good,NORTH DAKOTA,Perpetual,04/16/2019,"4854 132ND DR. NW
TANNER COLLETTE
WILLISTON, ND 58801","4854 132ND DR NW
TANNER COLLETTE
WILLISTON, ND 58801-9245",11/16/2020,,"TANNER  COLLETTE
4854 132ND DR NW
WILLISTON, ND  58801",,,,,,,38,Xcel Automation & Electric LLC,Limited Liability Company - Business - Domestic,278153,04/16/2019,0002767465,Active,Good Standing,False,False,False,False
179,https://firststop.sos.nd.gov/api/FilingDetail/business/22620/false,Corporation - Business - Foreign,Active,Not Good,Good,Good,MICHIGAN,Perpetual,03/21/1995,"2828 N HASKELL AVE FL 9
DALLAS, TX 75204-2909","2828 N HASKELL AVE FL 9
DALLAS, TX 75204-2909",05/15/2018,"CORPORATION SERVICE COMPANY
1709 N 19TH ST STE 3
BISMARCK, ND  58501-2121",,,,,,,,9,"CONDUENT HEALTHCARE PROVIDER CONSULTING SOLUTIONS, INC.",Corporation - Business - Foreign,22620,03/21/1995,0000022771,Active,Not Good Standing,False,False,False,False
180,https://firststop.sos.nd.gov/api/FilingDetail/business/48426/false,Limited Liability Company - Business - Foreign,Active,Good,Good,Good,DELAWARE,Perpetual,08/06/1996,"2828 N HASKELL AVE FL 9
DALLAS, TX 75204-2909","2828 N HASKELL AVE FL 9
DALLAS, TX 75204-2909",11/15/2018,"CORPORATION SERVICE COMPANY
1709 N 19TH ST STE 3
BISMARCK, ND  58501-2121",,,,,,,,8,"CONDUENT GOVERNMENT SYSTEMS, LLC",Limited Liability Company - Business - Foreign,48426,08/06/1996,0000048634,Active,Good Standing,False,False,False,False
181,https://firststop.sos.nd.gov/api/FilingDetail/business/154781/false,Limited Liability Company - Business - Foreign,Active,Good,Good,Good,DELAWARE,Perpetual,06/28/2016,"100 CAMPUS DR
FLORHAM PARK, NJ 07932-1020","100 CAMPUS DR
FLORHAM PARK, NJ 07932-1020",11/15/2019,"CORPORATION SERVICE COMPANY
1709 N 19TH ST STE 3
BISMARCK, ND  58501-2121",,,,,,,,7,"CONDUENT CARD SERVICES, LLC",Limited Liability Company - Business - Foreign,154781,06/28/2016,0000155155,Active,Good Standing,False,False,False,False
182,https://firststop.sos.nd.gov/api/FilingDetail/business/97654/false,Limited Liability Company - Business - Foreign,Active,Good,Good,Good,DELAWARE,Perpetual,01/20/2010,"100 CAMPUS DR
FLORHAM PARK, NJ 07932-1020","100 CAMPUS DR
FLORHAM PARK, NJ 07932-1020",11/15/2019,"CORPORATION SERVICE COMPANY
1709 N 19TH ST STE 3
BISMARCK, ND  58501-2121",,,,,,,,6,"CONDUENT BUSINESS SERVICES, LLC",Limited Liability Company - Business - Foreign,97654,01/20/2010,0000098023,Active,Good Standing,False,False,False,False
183,https://firststop.sos.nd.gov/api/FilingDetail/business/165394/false,Limited Liability Company - Business - Foreign,Active,Good,Good,Good,DELAWARE,Perpetual,11/28/2017,"1701 JOHN F KENNEDY BLVD
PHILADELPHIA, PA 19103-2838","1701 JOHN F KENNEDY BLVD
PHILADELPHIA, PA 19103-2838",11/15/2019,"C T CORPORATION SYSTEM
120 W SWEET AVE
BISMARCK, ND  58504-5566",,,,,,,,5,"COMCAST BROADBAND SECURITY, LLC (dba XFINITY HOME)",Limited Liability Company - Business - Foreign,165394,11/28/2017,0000165771,Active,Good Standing,False,False,False,False
184,https://firststop.sos.nd.gov/api/FilingDetail/business/144320/false,Limited Liability Company - Business - Foreign,Active,Good,Good,Good,DELAWARE,Perpetual,03/10/2015,"2500 WESTCHESTER AVE STE 300
PURCHASE, NY 10577-2578","2500 WESTCHESTER AVE STE 300
PURCHASE, NY 10577-2578",11/15/2019,"CORPORATION SERVICE COMPANY
1709 N 19TH ST STE 3
BISMARCK, ND  58501-2121",,,,,,,,4,"ATOS IT OUTSOURCING SERVICES, LLC",Limited Liability Company - Business - Foreign,144320,03/10/2015,0000144693,Active,Good Standing,False,False,False,False
185,https://firststop.sos.nd.gov/api/FilingDetail/business/144321/false,Limited Liability Company - Business - Foreign,Active,Good,Good,Good,DELAWARE,Perpetual,03/10/2015,"2500 WESTCHESTER AVE STE 300
PURCHASE, NY 10577-2578","2500 WESTCHESTER AVE STE 300
PURCHASE, NY 10577-2578",11/15/2019,"CORPORATION SERVICE COMPANY
1709 N 19TH ST STE 3
BISMARCK, ND  58501-2121",,,,,,,,3,"ATOS HEALTHCARE SERVICES, LLC",Limited Liability Company - Business - Foreign,144321,03/10/2015,0000144694,Active,Good Standing,False,False,False,False
186,https://firststop.sos.nd.gov/api/FilingDetail/business/100012/false,Corporation - Business - Foreign,Active,Good,Good,Good,MONTANA,Perpetual,06/28/2010,"351 HELENA FLATS RD
KALISPELL, MT 59901","PO BOX 5428
KALISPELL, MT 59903-5428",05/15/2020,,"ARNOLD V FLECK
314 E THAYER AVE STE 220
PO BOX 6178
BISMARCK, ND  58506-6178",,,,,,,2,"AMERICAN ELECTRIC, INC. (dba XYZ ELECTRIC, INC.)",Corporation - Business - Foreign,100012,06/28/2010,0000100381,Active,Good Standing,False,False,False,False
187,https://firststop.sos.nd.gov/api/FilingDetail/business/103679/false,Corporation - Business - Foreign,Active,Good,Good,Good,DELAWARE,Perpetual,12/17/2010,"9811 KATY FREEWAY
SUITE 225
HOUSTON, TX 77024","9811 KATY FWY
STE 225
HOUSTON, TX 77024-1282",05/15/2020,"C T CORPORATION SYSTEM
120 W SWEET AVE
BISMARCK, ND  58504-5566",,,,,,,,1,AKITA EQUIPMENT CORP.,Corporation - Business - Foreign,103679,12/17/2010,0000104048,Active,Good Standing,False,False,False,False
188,https://firststop.sos.nd.gov/api/FilingDetail/business/88279/false,Limited Liability Company - Business - Foreign,Active,Good,Good,Good,DELAWARE,Perpetual,08/14/2007,"2828 N HASKELL AVE BLDG 1 FL 9
DALLAS, TX 75204-2909","2828 N HASKELL AVE BLDG 1 FL 9
DALLAS, TX 75204-2909",11/15/2019,"CORPORATION SERVICE COMPANY
1709 N 19TH ST STE 3
BISMARCK, ND  58501-2121",,,,,,,,11,"CONDUENT HUMAN RESOURCE SERVICES, LLC",Limited Liability Company - Business - Foreign,88279,08/14/2007,0000088647,Active,Good Standing,False,False,False,False
189,https://firststop.sos.nd.gov/api/FilingDetail/business/38823/false,Corporation - Business - Foreign,Active,Good,Good,Good,NEW YORK,Perpetual,03/21/1995,"100 CAMPUS DR
FLORHAM PARK, NJ 07932-1020","100 CAMPUS DR
FLORHAM PARK, NJ 07932-1020",05/15/2020,"CORPORATION SERVICE COMPANY
1709 N 19TH ST STE 3
BISMARCK, ND  58501-2121",,,,,,,,12,"CONDUENT STATE & LOCAL SOLUTIONS, INC.",Corporation - Business - Foreign,38823,03/21/1995,0000039021,Active,Good Standing,False,False,False,False
190,https://firststop.sos.nd.gov/api/FilingDetail/business/64945/false,Corporation - Business - Foreign,Active,Good,Good,Good,NEVADA,Perpetual,01/09/2001,"21215 BURBANK BLVD STE 300
WOODLAND HILLS, CA 91367-7091","2700 COAST AVE
MOUNTAIN VIEW, CA 94043-1140",05/15/2020,"CORPORATION SERVICE COMPANY
1709 N 19TH ST STE 3
BISMARCK, ND  58501-2121",,,,,,,,15,"ELECTRONIC CLEARING HOUSE, INC. (dba XPRESSCHEX)",Corporation - Business - Foreign,64945,01/09/2001,0000065158,Active,Good Standing,False,False,False,False
191,https://firststop.sos.nd.gov/api/FilingDetail/business/105993/false,Limited Liability Company - Business - Foreign,Active,Good,Good,Good,PENNSYLVANIA,Perpetual,04/21/2011,"100 CAMPUS DR
FLORHAM PARK, NJ 07932-1020","100 CAMPUS DR
FLORHAM PARK, NJ 07932-1020",11/15/2019,"CORPORATION SERVICE COMPANY
1709 N 19TH ST STE 3
BISMARCK, ND  58501-2121",,,,,,,,10,"CONDUENT HR SERVICES, LLC",Limited Liability Company - Business - Foreign,105993,04/21/2011,0000106362,Active,Good Standing,False,False,False,False
